source,workload,hz,sample,clock_ms,formatted_values,dirty_draws,player_scans,owner_lookups,offset_replacements,initial_offset_vectors,cooldown_samples,final_state_equal,memory_delta_kb,memory_after_gc_kb,final_state
baseline,idle,30,1,4.000000,4800,1144,0,14400,0,8,14400,true,118.566,358.129,benchmark-player-1:12:1:fixed_ability:30;benchmark-player-2:12:1:fixed_ability:30;benchmark-player-3:12:1:fixed_ability:30;benchmark-player-4:12:1:fixed_ability:30
candidate,idle,30,1,4.000000,4800,1144,0,0,0,8,14400,true,103.355,577.233,benchmark-player-1:12:1:fixed_ability:30;benchmark-player-2:12:1:fixed_ability:30;benchmark-player-3:12:1:fixed_ability:30;benchmark-player-4:12:1:fixed_ability:30
candidate,idle,30,2,8.000000,4800,1144,0,0,0,8,14400,true,104.891,796.100,benchmark-player-1:12:1:fixed_ability:30;benchmark-player-2:12:1:fixed_ability:30;benchmark-player-3:12:1:fixed_ability:30;benchmark-player-4:12:1:fixed_ability:30
baseline,idle,30,2,14.000000,4800,1144,0,14400,0,8,14400,true,40.219,883.143,benchmark-player-1:12:1:fixed_ability:30;benchmark-player-2:12:1:fixed_ability:30;benchmark-player-3:12:1:fixed_ability:30;benchmark-player-4:12:1:fixed_ability:30
baseline,idle,30,3,13.000000,4800,1144,0,14400,0,8,14400,true,39.402,957.041,benchmark-player-1:12:1:fixed_ability:30;benchmark-player-2:12:1:fixed_ability:30;benchmark-player-3:12:1:fixed_ability:30;benchmark-player-4:12:1:fixed_ability:30
candidate,idle,30,3,11.000000,4800,1144,0,0,0,8,14400,true,38.555,1032.427,benchmark-player-1:12:1:fixed_ability:30;benchmark-player-2:12:1:fixed_ability:30;benchmark-player-3:12:1:fixed_ability:30;benchmark-player-4:12:1:fixed_ability:30
candidate,idle,30,4,13.000000,4800,1144,0,0,0,8,14400,true,38.074,1106.945,benchmark-player-1:12:1:fixed_ability:30;benchmark-player-2:12:1:fixed_ability:30;benchmark-player-3:12:1:fixed_ability:30;benchmark-player-4:12:1:fixed_ability:30
baseline,idle,30,4,11.000000,4800,1144,0,14400,0,8,14400,true,41.383,1182.090,benchmark-player-1:12:1:fixed_ability:30;benchmark-player-2:12:1:fixed_ability:30;benchmark-player-3:12:1:fixed_ability:30;benchmark-player-4:12:1:fixed_ability:30
baseline,idle,30,5,13.000000,4800,1144,0,14400,0,8,14400,true,15.320,1225.301,benchmark-player-1:12:1:fixed_ability:30;benchmark-player-2:12:1:fixed_ability:30;benchmark-player-3:12:1:fixed_ability:30;benchmark-player-4:12:1:fixed_ability:30
candidate,idle,30,5,10.000000,4800,1144,0,0,0,8,14400,true,38.441,1291.866,benchmark-player-1:12:1:fixed_ability:30;benchmark-player-2:12:1:fixed_ability:30;benchmark-player-3:12:1:fixed_ability:30;benchmark-player-4:12:1:fixed_ability:30
baseline,idle,60,1,19.000000,4460,1144,0,28800,0,8,28800,true,38.723,1355.120,benchmark-player-1:12:1:fixed_ability:30;benchmark-player-2:12:1:fixed_ability:30;benchmark-player-3:12:1:fixed_ability:30;benchmark-player-4:12:1:fixed_ability:30
candidate,idle,60,1,20.000000,4460,1144,0,0,0,8,28800,true,37.523,1417.229,benchmark-player-1:12:1:fixed_ability:30;benchmark-player-2:12:1:fixed_ability:30;benchmark-player-3:12:1:fixed_ability:30;benchmark-player-4:12:1:fixed_ability:30
candidate,idle,60,2,12.000000,4460,1144,0,0,0,8,28800,true,41.004,218.702,benchmark-player-1:12:1:fixed_ability:30;benchmark-player-2:12:1:fixed_ability:30;benchmark-player-3:12:1:fixed_ability:30;benchmark-player-4:12:1:fixed_ability:30
baseline,idle,60,2,14.000000,4460,1144,0,28800,0,8,28800,true,39.207,290.827,benchmark-player-1:12:1:fixed_ability:30;benchmark-player-2:12:1:fixed_ability:30;benchmark-player-3:12:1:fixed_ability:30;benchmark-player-4:12:1:fixed_ability:30
baseline,idle,60,3,13.000000,4460,1144,0,28800,0,8,28800,true,41.242,363.206,benchmark-player-1:12:1:fixed_ability:30;benchmark-player-2:12:1:fixed_ability:30;benchmark-player-3:12:1:fixed_ability:30;benchmark-player-4:12:1:fixed_ability:30
candidate,idle,60,3,13.000000,4460,1144,0,0,0,8,28800,true,38.484,433.775,benchmark-player-1:12:1:fixed_ability:30;benchmark-player-2:12:1:fixed_ability:30;benchmark-player-3:12:1:fixed_ability:30;benchmark-player-4:12:1:fixed_ability:30
candidate,idle,60,4,13.000000,4460,1144,0,0,0,8,28800,true,38.219,504.548,benchmark-player-1:12:1:fixed_ability:30;benchmark-player-2:12:1:fixed_ability:30;benchmark-player-3:12:1:fixed_ability:30;benchmark-player-4:12:1:fixed_ability:30
baseline,idle,60,4,16.000000,4460,1144,0,28800,0,8,28800,true,39.207,579.048,benchmark-player-1:12:1:fixed_ability:30;benchmark-player-2:12:1:fixed_ability:30;benchmark-player-3:12:1:fixed_ability:30;benchmark-player-4:12:1:fixed_ability:30
baseline,idle,60,5,15.000000,4460,1144,0,28800,0,8,28800,true,39.699,651.759,benchmark-player-1:12:1:fixed_ability:30;benchmark-player-2:12:1:fixed_ability:30;benchmark-player-3:12:1:fixed_ability:30;benchmark-player-4:12:1:fixed_ability:30
candidate,idle,60,5,13.000000,4460,1144,0,0,0,8,28800,true,38.227,722.328,benchmark-player-1:12:1:fixed_ability:30;benchmark-player-2:12:1:fixed_ability:30;benchmark-player-3:12:1:fixed_ability:30;benchmark-player-4:12:1:fixed_ability:30
baseline,idle,144,1,45.000000,4608,1144,0,69120,0,8,69120,true,15.180,771.434,benchmark-player-1:12:1:fixed_ability:30;benchmark-player-2:12:1:fixed_ability:30;benchmark-player-3:12:1:fixed_ability:30;benchmark-player-4:12:1:fixed_ability:30
candidate,idle,144,1,34.000000,4608,1144,0,0,0,8,69120,true,37.570,834.034,benchmark-player-1:12:1:fixed_ability:30;benchmark-player-2:12:1:fixed_ability:30;benchmark-player-3:12:1:fixed_ability:30;benchmark-player-4:12:1:fixed_ability:30
candidate,idle,144,2,32.000000,4608,1144,0,0,0,8,69120,true,37.570,893.428,benchmark-player-1:12:1:fixed_ability:30;benchmark-player-2:12:1:fixed_ability:30;benchmark-player-3:12:1:fixed_ability:30;benchmark-player-4:12:1:fixed_ability:30
baseline,idle,144,2,32.000000,4608,1144,0,69120,0,8,69120,true,39.469,954.416,benchmark-player-1:12:1:fixed_ability:30;benchmark-player-2:12:1:fixed_ability:30;benchmark-player-3:12:1:fixed_ability:30;benchmark-player-4:12:1:fixed_ability:30
baseline,idle,144,3,38.000000,4608,1144,0,69120,0,8,69120,true,39.445,1020.584,benchmark-player-1:12:1:fixed_ability:30;benchmark-player-2:12:1:fixed_ability:30;benchmark-player-3:12:1:fixed_ability:30;benchmark-player-4:12:1:fixed_ability:30
candidate,idle,144,3,33.000000,4608,1144,0,0,0,8,69120,true,37.570,1082.802,benchmark-player-1:12:1:fixed_ability:30;benchmark-player-2:12:1:fixed_ability:30;benchmark-player-3:12:1:fixed_ability:30;benchmark-player-4:12:1:fixed_ability:30
candidate,idle,144,4,31.000000,4608,1144,0,0,0,8,69120,true,37.570,1144.691,benchmark-player-1:12:1:fixed_ability:30;benchmark-player-2:12:1:fixed_ability:30;benchmark-player-3:12:1:fixed_ability:30;benchmark-player-4:12:1:fixed_ability:30
baseline,idle,144,4,35.000000,4608,1144,0,69120,0,8,69120,true,38.770,1209.078,benchmark-player-1:12:1:fixed_ability:30;benchmark-player-2:12:1:fixed_ability:30;benchmark-player-3:12:1:fixed_ability:30;benchmark-player-4:12:1:fixed_ability:30
baseline,idle,144,5,37.000000,4608,1144,0,69120,0,8,69120,true,38.988,1272.328,benchmark-player-1:12:1:fixed_ability:30;benchmark-player-2:12:1:fixed_ability:30;benchmark-player-3:12:1:fixed_ability:30;benchmark-player-4:12:1:fixed_ability:30
candidate,idle,144,5,34.000000,4608,1144,0,0,0,8,69120,true,38.270,1333.894,benchmark-player-1:12:1:fixed_ability:30;benchmark-player-2:12:1:fixed_ability:30;benchmark-player-3:12:1:fixed_ability:30;benchmark-player-4:12:1:fixed_ability:30
baseline,charge_sequence,30,1,15.000000,4800,3102,0,14400,0,8,14400,true,640.137,574.719,benchmark-player-1:80:2:ability_b:30;benchmark-player-2:77:3:ability_a:30;benchmark-player-3:75:3:ability_a:30;benchmark-player-4:78:2:ability_b:30
candidate,charge_sequence,30,1,11.000000,4800,3102,0,0,0,8,14400,true,289.730,828.065,benchmark-player-1:80:2:ability_b:30;benchmark-player-2:77:3:ability_a:30;benchmark-player-3:75:3:ability_a:30;benchmark-player-4:78:2:ability_b:30
candidate,charge_sequence,30,2,10.000000,4800,3102,0,0,0,8,14400,true,227.176,972.689,benchmark-player-1:80:2:ability_b:30;benchmark-player-2:77:3:ability_a:30;benchmark-player-3:75:3:ability_a:30;benchmark-player-4:78:2:ability_b:30
baseline,charge_sequence,30,2,10.000000,4800,3102,0,14400,0,8,14400,true,181.414,1079.080,benchmark-player-1:80:2:ability_b:30;benchmark-player-2:77:3:ability_a:30;benchmark-player-3:75:3:ability_a:30;benchmark-player-4:78:2:ability_b:30
baseline,charge_sequence,30,3,11.000000,4800,3102,0,14400,0,8,14400,true,182.113,1186.080,benchmark-player-1:80:2:ability_b:30;benchmark-player-2:77:3:ability_a:30;benchmark-player-3:75:3:ability_a:30;benchmark-player-4:78:2:ability_b:30
candidate,charge_sequence,30,3,22.000000,4800,3102,0,0,0,8,14400,true,1029.340,379.632,benchmark-player-1:80:2:ability_b:30;benchmark-player-2:77:3:ability_a:30;benchmark-player-3:75:3:ability_a:30;benchmark-player-4:78:2:ability_b:30
candidate,charge_sequence,30,4,12.000000,4800,3102,0,0,0,8,14400,true,427.332,767.697,benchmark-player-1:80:2:ability_b:30;benchmark-player-2:77:3:ability_a:30;benchmark-player-3:75:3:ability_a:30;benchmark-player-4:78:2:ability_b:30
baseline,charge_sequence,30,4,10.000000,4800,3102,0,14400,0,8,14400,true,182.352,869.283,benchmark-player-1:80:2:ability_b:30;benchmark-player-2:77:3:ability_a:30;benchmark-player-3:75:3:ability_a:30;benchmark-player-4:78:2:ability_b:30
baseline,charge_sequence,30,5,10.000000,4800,3102,0,14400,0,8,14400,true,181.414,978.404,benchmark-player-1:80:2:ability_b:30;benchmark-player-2:77:3:ability_a:30;benchmark-player-3:75:3:ability_a:30;benchmark-player-4:78:2:ability_b:30
candidate,charge_sequence,30,5,11.000000,4800,3102,0,0,0,8,14400,true,208.645,1109.056,benchmark-player-1:80:2:ability_b:30;benchmark-player-2:77:3:ability_a:30;benchmark-player-3:75:3:ability_a:30;benchmark-player-4:78:2:ability_b:30
baseline,charge_sequence,60,1,15.000000,4460,3096,0,28800,0,8,28800,true,176.707,1203.825,benchmark-player-1:80:2:ability_b:30;benchmark-player-2:77:3:ability_a:30;benchmark-player-3:75:3:ability_a:30;benchmark-player-4:78:2:ability_b:30
candidate,charge_sequence,60,1,17.000000,4460,3096,0,0,0,8,28800,true,428.973,474.237,benchmark-player-1:80:2:ability_b:30;benchmark-player-2:77:3:ability_a:30;benchmark-player-3:75:3:ability_a:30;benchmark-player-4:78:2:ability_b:30
candidate,charge_sequence,60,2,16.000000,4460,3096,0,0,0,8,28800,true,289.125,730.092,benchmark-player-1:80:2:ability_b:30;benchmark-player-2:77:3:ability_a:30;benchmark-player-3:75:3:ability_a:30;benchmark-player-4:78:2:ability_b:30
baseline,charge_sequence,60,2,17.000000,4460,3096,0,28800,0,8,28800,true,178.262,820.475,benchmark-player-1:80:2:ability_b:30;benchmark-player-2:77:3:ability_a:30;benchmark-player-3:75:3:ability_a:30;benchmark-player-4:78:2:ability_b:30
baseline,charge_sequence,60,3,17.000000,4460,3096,0,28800,0,8,28800,true,177.898,919.412,benchmark-player-1:80:2:ability_b:30;benchmark-player-2:77:3:ability_a:30;benchmark-player-3:75:3:ability_a:30;benchmark-player-4:78:2:ability_b:30
candidate,charge_sequence,60,3,15.000000,4460,3096,0,0,0,8,28800,true,185.414,1022.380,benchmark-player-1:80:2:ability_b:30;benchmark-player-2:77:3:ability_a:30;benchmark-player-3:75:3:ability_a:30;benchmark-player-4:78:2:ability_b:30
candidate,charge_sequence,60,4,16.000000,4460,3096,0,0,0,8,28800,true,194.488,1135.441,benchmark-player-1:80:2:ability_b:30;benchmark-player-2:77:3:ability_a:30;benchmark-player-3:75:3:ability_a:30;benchmark-player-4:78:2:ability_b:30
baseline,charge_sequence,60,4,17.000000,4460,3096,0,28800,0,8,28800,true,176.488,1233.723,benchmark-player-1:80:2:ability_b:30;benchmark-player-2:77:3:ability_a:30;benchmark-player-3:75:3:ability_a:30;benchmark-player-4:78:2:ability_b:30
baseline,charge_sequence,60,5,17.000000,4460,3096,0,28800,0,8,28800,true,177.199,1330.883,benchmark-player-1:80:2:ability_b:30;benchmark-player-2:77:3:ability_a:30;benchmark-player-3:75:3:ability_a:30;benchmark-player-4:78:2:ability_b:30
candidate,charge_sequence,60,5,20.000000,4460,3096,0,0,0,8,28800,true,425.316,564.358,benchmark-player-1:80:2:ability_b:30;benchmark-player-2:77:3:ability_a:30;benchmark-player-3:75:3:ability_a:30;benchmark-player-4:78:2:ability_b:30
baseline,charge_sequence,144,1,44.000000,4608,3094,0,69120,0,8,69120,true,153.520,682.038,benchmark-player-1:80:2:ability_b:30;benchmark-player-2:77:3:ability_a:30;benchmark-player-3:75:3:ability_a:30;benchmark-player-4:78:2:ability_b:30
candidate,charge_sequence,144,1,33.000000,4608,3094,0,0,0,8,69120,true,198.145,793.018,benchmark-player-1:80:2:ability_b:30;benchmark-player-2:77:3:ability_a:30;benchmark-player-3:75:3:ability_a:30;benchmark-player-4:78:2:ability_b:30
candidate,charge_sequence,144,2,39.000000,4608,3094,0,0,0,8,69120,true,187.645,891.540,benchmark-player-1:80:2:ability_b:30;benchmark-player-2:77:3:ability_a:30;benchmark-player-3:75:3:ability_a:30;benchmark-player-4:78:2:ability_b:30
baseline,charge_sequence,144,2,48.000000,4608,3094,0,69120,0,8,69120,true,148.379,942.118,benchmark-player-1:80:2:ability_b:30;benchmark-player-2:77:3:ability_a:30;benchmark-player-3:75:3:ability_a:30;benchmark-player-4:78:2:ability_b:30
baseline,charge_sequence,144,3,42.000000,4608,3094,0,69120,0,8,69120,true,152.227,992.399,benchmark-player-1:80:2:ability_b:30;benchmark-player-2:77:3:ability_a:30;benchmark-player-3:75:3:ability_a:30;benchmark-player-4:78:2:ability_b:30
candidate,charge_sequence,144,3,32.000000,4608,3094,0,0,0,8,69120,true,195.395,1097.066,benchmark-player-1:80:2:ability_b:30;benchmark-player-2:77:3:ability_a:30;benchmark-player-3:75:3:ability_a:30;benchmark-player-4:78:2:ability_b:30
candidate,charge_sequence,144,4,32.000000,4608,3094,0,0,0,8,69120,true,187.164,1194.409,benchmark-player-1:80:2:ability_b:30;benchmark-player-2:77:3:ability_a:30;benchmark-player-3:75:3:ability_a:30;benchmark-player-4:78:2:ability_b:30
baseline,charge_sequence,144,4,41.000000,4608,3094,0,69120,0,8,69120,true,149.297,1244.874,benchmark-player-1:80:2:ability_b:30;benchmark-player-2:77:3:ability_a:30;benchmark-player-3:75:3:ability_a:30;benchmark-player-4:78:2:ability_b:30
baseline,charge_sequence,144,5,41.000000,4608,3094,0,69120,0,8,69120,true,148.379,1295.194,benchmark-player-1:80:2:ability_b:30;benchmark-player-2:77:3:ability_a:30;benchmark-player-3:75:3:ability_a:30;benchmark-player-4:78:2:ability_b:30
candidate,charge_sequence,144,5,34.000000,4608,3094,0,0,0,8,69120,true,241.719,251.538,benchmark-player-1:80:2:ability_b:30;benchmark-player-2:77:3:ability_a:30;benchmark-player-3:75:3:ability_a:30;benchmark-player-4:78:2:ability_b:30
