source,workload,hz,sample,cpu_ms,formatted_values,player_scans,owner_lookups,offset_replacements,initial_offset_vectors,cooldown_samples,final_state_equal,memory_delta_kb,memory_after_gc_kb,final_state
baseline,idle,30,1,6.000000,14400,14400,0,28800,8,14400,true,2742.988,167.531,benchmark-player-1:12:1:fixed_ability:30;benchmark-player-2:12:1:fixed_ability:30;benchmark-player-3:12:1:fixed_ability:30;benchmark-player-4:12:1:fixed_ability:30
candidate,idle,30,1,4.000000,4800,0,14400,0,8,14400,true,108.445,397.164,benchmark-player-1:12:1:fixed_ability:30;benchmark-player-2:12:1:fixed_ability:30;benchmark-player-3:12:1:fixed_ability:30;benchmark-player-4:12:1:fixed_ability:30
candidate,idle,30,2,5.000000,4800,0,14400,0,8,14400,true,107.906,609.297,benchmark-player-1:12:1:fixed_ability:30;benchmark-player-2:12:1:fixed_ability:30;benchmark-player-3:12:1:fixed_ability:30;benchmark-player-4:12:1:fixed_ability:30
baseline,idle,30,2,10.000000,14400,14400,0,28800,8,14400,true,2729.027,667.426,benchmark-player-1:12:1:fixed_ability:30;benchmark-player-2:12:1:fixed_ability:30;benchmark-player-3:12:1:fixed_ability:30;benchmark-player-4:12:1:fixed_ability:30
baseline,idle,30,3,10.000000,14400,14400,0,28800,8,14400,true,2722.715,694.305,benchmark-player-1:12:1:fixed_ability:30;benchmark-player-2:12:1:fixed_ability:30;benchmark-player-3:12:1:fixed_ability:30;benchmark-player-4:12:1:fixed_ability:30
candidate,idle,30,3,10.000000,4800,0,14400,0,8,14400,true,52.602,761.883,benchmark-player-1:12:1:fixed_ability:30;benchmark-player-2:12:1:fixed_ability:30;benchmark-player-3:12:1:fixed_ability:30;benchmark-player-4:12:1:fixed_ability:30
candidate,idle,30,4,10.000000,4800,0,14400,0,8,14400,true,40.063,767.902,benchmark-player-1:12:1:fixed_ability:30;benchmark-player-2:12:1:fixed_ability:30;benchmark-player-3:12:1:fixed_ability:30;benchmark-player-4:12:1:fixed_ability:30
baseline,idle,30,4,11.000000,14400,14400,0,28800,8,14400,true,2727.617,811.277,benchmark-player-1:12:1:fixed_ability:30;benchmark-player-2:12:1:fixed_ability:30;benchmark-player-3:12:1:fixed_ability:30;benchmark-player-4:12:1:fixed_ability:30
baseline,idle,30,5,9.000000,14400,14400,0,28800,8,14400,true,2731.098,858.375,benchmark-player-1:12:1:fixed_ability:30;benchmark-player-2:12:1:fixed_ability:30;benchmark-player-3:12:1:fixed_ability:30;benchmark-player-4:12:1:fixed_ability:30
candidate,idle,30,5,10.000000,4800,0,14400,0,8,14400,true,40.957,933.891,benchmark-player-1:12:1:fixed_ability:30;benchmark-player-2:12:1:fixed_ability:30;benchmark-player-3:12:1:fixed_ability:30;benchmark-player-4:12:1:fixed_ability:30
baseline,idle,60,1,21.000000,28800,28800,0,57600,8,28800,true,5429.914,979.145,benchmark-player-1:12:1:fixed_ability:30;benchmark-player-2:12:1:fixed_ability:30;benchmark-player-3:12:1:fixed_ability:30;benchmark-player-4:12:1:fixed_ability:30
candidate,idle,60,1,18.000000,4460,0,28800,0,8,28800,true,40.410,1051.941,benchmark-player-1:12:1:fixed_ability:30;benchmark-player-2:12:1:fixed_ability:30;benchmark-player-3:12:1:fixed_ability:30;benchmark-player-4:12:1:fixed_ability:30
candidate,idle,60,2,18.000000,4460,0,28800,0,8,28800,true,40.520,1125.176,benchmark-player-1:12:1:fixed_ability:30;benchmark-player-2:12:1:fixed_ability:30;benchmark-player-3:12:1:fixed_ability:30;benchmark-player-4:12:1:fixed_ability:30
baseline,idle,60,2,14.000000,28800,28800,0,57600,8,28800,true,5445.117,168.492,benchmark-player-1:12:1:fixed_ability:30;benchmark-player-2:12:1:fixed_ability:30;benchmark-player-3:12:1:fixed_ability:30;benchmark-player-4:12:1:fixed_ability:30
baseline,idle,60,3,16.000000,28800,28800,0,57600,8,28800,true,5418.867,219.461,benchmark-player-1:12:1:fixed_ability:30;benchmark-player-2:12:1:fixed_ability:30;benchmark-player-3:12:1:fixed_ability:30;benchmark-player-4:12:1:fixed_ability:30
candidate,idle,60,3,18.000000,4460,0,28800,0,8,28800,true,56.164,322.238,benchmark-player-1:12:1:fixed_ability:30;benchmark-player-2:12:1:fixed_ability:30;benchmark-player-3:12:1:fixed_ability:30;benchmark-player-4:12:1:fixed_ability:30
candidate,idle,60,4,17.000000,4460,0,28800,0,8,28800,true,16.820,353.043,benchmark-player-1:12:1:fixed_ability:30;benchmark-player-2:12:1:fixed_ability:30;benchmark-player-3:12:1:fixed_ability:30;benchmark-player-4:12:1:fixed_ability:30
baseline,idle,60,4,17.000000,28800,28800,0,57600,8,28800,true,5415.766,342.863,benchmark-player-1:12:1:fixed_ability:30;benchmark-player-2:12:1:fixed_ability:30;benchmark-player-3:12:1:fixed_ability:30;benchmark-player-4:12:1:fixed_ability:30
baseline,idle,60,5,18.000000,28800,28800,0,57600,8,28800,true,5415.766,343.336,benchmark-player-1:12:1:fixed_ability:30;benchmark-player-2:12:1:fixed_ability:30;benchmark-player-3:12:1:fixed_ability:30;benchmark-player-4:12:1:fixed_ability:30
candidate,idle,60,5,18.000000,4460,0,28800,0,8,28800,true,17.379,355.523,benchmark-player-1:12:1:fixed_ability:30;benchmark-player-2:12:1:fixed_ability:30;benchmark-player-3:12:1:fixed_ability:30;benchmark-player-4:12:1:fixed_ability:30
baseline,idle,144,1,45.000000,69120,69120,0,138240,8,69120,true,12975.426,345.211,benchmark-player-1:12:1:fixed_ability:30;benchmark-player-2:12:1:fixed_ability:30;benchmark-player-3:12:1:fixed_ability:30;benchmark-player-4:12:1:fixed_ability:30
candidate,idle,144,1,43.000000,4608,0,69120,0,8,69120,true,14.086,356.172,benchmark-player-1:12:1:fixed_ability:30;benchmark-player-2:12:1:fixed_ability:30;benchmark-player-3:12:1:fixed_ability:30;benchmark-player-4:12:1:fixed_ability:30
candidate,idle,144,2,48.000000,4608,0,69120,0,8,69120,true,14.887,353.766,benchmark-player-1:12:1:fixed_ability:30;benchmark-player-2:12:1:fixed_ability:30;benchmark-player-3:12:1:fixed_ability:30;benchmark-player-4:12:1:fixed_ability:30
baseline,idle,144,2,44.000000,69120,69120,0,138240,8,69120,true,12976.063,346.871,benchmark-player-1:12:1:fixed_ability:30;benchmark-player-2:12:1:fixed_ability:30;benchmark-player-3:12:1:fixed_ability:30;benchmark-player-4:12:1:fixed_ability:30
baseline,idle,144,3,47.000000,69120,69120,0,138240,8,69120,true,12976.387,348.133,benchmark-player-1:12:1:fixed_ability:30;benchmark-player-2:12:1:fixed_ability:30;benchmark-player-3:12:1:fixed_ability:30;benchmark-player-4:12:1:fixed_ability:30
candidate,idle,144,3,45.000000,4608,0,69120,0,8,69120,true,14.355,356.898,benchmark-player-1:12:1:fixed_ability:30;benchmark-player-2:12:1:fixed_ability:30;benchmark-player-3:12:1:fixed_ability:30;benchmark-player-4:12:1:fixed_ability:30
candidate,idle,144,4,46.000000,4608,0,69120,0,8,69120,true,14.926,357.789,benchmark-player-1:12:1:fixed_ability:30;benchmark-player-2:12:1:fixed_ability:30;benchmark-player-3:12:1:fixed_ability:30;benchmark-player-4:12:1:fixed_ability:30
baseline,idle,144,4,46.000000,69120,69120,0,138240,8,69120,true,12976.063,351.355,benchmark-player-1:12:1:fixed_ability:30;benchmark-player-2:12:1:fixed_ability:30;benchmark-player-3:12:1:fixed_ability:30;benchmark-player-4:12:1:fixed_ability:30
baseline,idle,144,5,43.000000,69120,69120,0,138240,8,69120,true,12975.426,351.828,benchmark-player-1:12:1:fixed_ability:30;benchmark-player-2:12:1:fixed_ability:30;benchmark-player-3:12:1:fixed_ability:30;benchmark-player-4:12:1:fixed_ability:30
candidate,idle,144,5,46.000000,4608,0,69120,0,8,69120,true,14.215,359.449,benchmark-player-1:12:1:fixed_ability:30;benchmark-player-2:12:1:fixed_ability:30;benchmark-player-3:12:1:fixed_ability:30;benchmark-player-4:12:1:fixed_ability:30
baseline,charge_sequence,30,1,9.000000,14400,14400,0,28800,8,14400,true,2831.680,367.668,benchmark-player-1:80:2:ability_b:30;benchmark-player-2:77:3:ability_a:30;benchmark-player-3:75:3:ability_a:30;benchmark-player-4:78:2:ability_b:30
candidate,charge_sequence,30,1,12.000000,4800,0,14400,0,8,14400,true,127.734,395.563,benchmark-player-1:80:2:ability_b:30;benchmark-player-2:77:3:ability_a:30;benchmark-player-3:75:3:ability_a:30;benchmark-player-4:78:2:ability_b:30
candidate,charge_sequence,30,2,12.000000,4800,0,14400,0,8,14400,true,128.320,396.258,benchmark-player-1:80:2:ability_b:30;benchmark-player-2:77:3:ability_a:30;benchmark-player-3:75:3:ability_a:30;benchmark-player-4:78:2:ability_b:30
baseline,charge_sequence,30,2,12.000000,14400,14400,0,28800,8,14400,true,2830.621,388.230,benchmark-player-1:80:2:ability_b:30;benchmark-player-2:77:3:ability_a:30;benchmark-player-3:75:3:ability_a:30;benchmark-player-4:78:2:ability_b:30
baseline,charge_sequence,30,3,9.000000,14400,14400,0,28800,8,14400,true,2831.824,394.348,benchmark-player-1:80:2:ability_b:30;benchmark-player-2:77:3:ability_a:30;benchmark-player-3:75:3:ability_a:30;benchmark-player-4:78:2:ability_b:30
candidate,charge_sequence,30,3,12.000000,4800,0,14400,0,8,14400,true,126.133,396.301,benchmark-player-1:80:2:ability_b:30;benchmark-player-2:77:3:ability_a:30;benchmark-player-3:75:3:ability_a:30;benchmark-player-4:78:2:ability_b:30
candidate,charge_sequence,30,4,13.000000,4800,0,14400,0,8,14400,true,124.875,398.480,benchmark-player-1:80:2:ability_b:30;benchmark-player-2:77:3:ability_a:30;benchmark-player-3:75:3:ability_a:30;benchmark-player-4:78:2:ability_b:30
baseline,charge_sequence,30,4,9.000000,14400,14400,0,28800,8,14400,true,2831.824,396.035,benchmark-player-1:80:2:ability_b:30;benchmark-player-2:77:3:ability_a:30;benchmark-player-3:75:3:ability_a:30;benchmark-player-4:78:2:ability_b:30
baseline,charge_sequence,30,5,9.000000,14400,14400,0,28800,8,14400,true,2831.484,396.059,benchmark-player-1:80:2:ability_b:30;benchmark-player-2:77:3:ability_a:30;benchmark-player-3:75:3:ability_a:30;benchmark-player-4:78:2:ability_b:30
candidate,charge_sequence,30,5,12.000000,4800,0,14400,0,8,14400,true,127.828,400.711,benchmark-player-1:80:2:ability_b:30;benchmark-player-2:77:3:ability_a:30;benchmark-player-3:75:3:ability_a:30;benchmark-player-4:78:2:ability_b:30
baseline,charge_sequence,60,1,21.000000,28800,28800,0,57600,8,28800,true,5532.188,398.125,benchmark-player-1:80:2:ability_b:30;benchmark-player-2:77:3:ability_a:30;benchmark-player-3:75:3:ability_a:30;benchmark-player-4:78:2:ability_b:30
candidate,charge_sequence,60,1,21.000000,4460,0,28800,0,8,28800,true,125.402,401.078,benchmark-player-1:80:2:ability_b:30;benchmark-player-2:77:3:ability_a:30;benchmark-player-3:75:3:ability_a:30;benchmark-player-4:78:2:ability_b:30
candidate,charge_sequence,60,2,22.000000,4460,0,28800,0,8,28800,true,129.980,401.563,benchmark-player-1:80:2:ability_b:30;benchmark-player-2:77:3:ability_a:30;benchmark-player-3:75:3:ability_a:30;benchmark-player-4:78:2:ability_b:30
baseline,charge_sequence,60,2,27.000000,28800,28800,0,57600,8,28800,true,5529.230,391.527,benchmark-player-1:80:2:ability_b:30;benchmark-player-2:77:3:ability_a:30;benchmark-player-3:75:3:ability_a:30;benchmark-player-4:78:2:ability_b:30
baseline,charge_sequence,60,3,20.000000,28800,28800,0,57600,8,28800,true,5532.816,401.379,benchmark-player-1:80:2:ability_b:30;benchmark-player-2:77:3:ability_a:30;benchmark-player-3:75:3:ability_a:30;benchmark-player-4:78:2:ability_b:30
candidate,charge_sequence,60,3,21.000000,4460,0,28800,0,8,28800,true,125.598,403.387,benchmark-player-1:80:2:ability_b:30;benchmark-player-2:77:3:ability_a:30;benchmark-player-3:75:3:ability_a:30;benchmark-player-4:78:2:ability_b:30
candidate,charge_sequence,60,4,24.000000,4460,0,28800,0,8,28800,true,126.477,404.430,benchmark-player-1:80:2:ability_b:30;benchmark-player-2:77:3:ability_a:30;benchmark-player-3:75:3:ability_a:30;benchmark-player-4:78:2:ability_b:30
baseline,charge_sequence,60,4,20.000000,28800,28800,0,57600,8,28800,true,5533.453,403.051,benchmark-player-1:80:2:ability_b:30;benchmark-player-2:77:3:ability_a:30;benchmark-player-3:75:3:ability_a:30;benchmark-player-4:78:2:ability_b:30
baseline,charge_sequence,60,5,18.000000,28800,28800,0,57600,8,28800,true,5532.527,403.383,benchmark-player-1:80:2:ability_b:30;benchmark-player-2:77:3:ability_a:30;benchmark-player-3:75:3:ability_a:30;benchmark-player-4:78:2:ability_b:30
candidate,charge_sequence,60,5,22.000000,4460,0,28800,0,8,28800,true,125.961,406.168,benchmark-player-1:80:2:ability_b:30;benchmark-player-2:77:3:ability_a:30;benchmark-player-3:75:3:ability_a:30;benchmark-player-4:78:2:ability_b:30
baseline,charge_sequence,144,1,55.000000,69120,69120,0,138240,8,69120,true,13092.469,404.000,benchmark-player-1:80:2:ability_b:30;benchmark-player-2:77:3:ability_a:30;benchmark-player-3:75:3:ability_a:30;benchmark-player-4:78:2:ability_b:30
candidate,charge_sequence,144,1,52.000000,4608,0,69120,0,8,69120,true,127.082,407.664,benchmark-player-1:80:2:ability_b:30;benchmark-player-2:77:3:ability_a:30;benchmark-player-3:75:3:ability_a:30;benchmark-player-4:78:2:ability_b:30
candidate,charge_sequence,144,2,49.000000,4608,0,69120,0,8,69120,true,124.828,408.129,benchmark-player-1:80:2:ability_b:30;benchmark-player-2:77:3:ability_a:30;benchmark-player-3:75:3:ability_a:30;benchmark-player-4:78:2:ability_b:30
baseline,charge_sequence,144,2,65.000000,69120,69120,0,138240,8,69120,true,13089.504,397.402,benchmark-player-1:80:2:ability_b:30;benchmark-player-2:77:3:ability_a:30;benchmark-player-3:75:3:ability_a:30;benchmark-player-4:78:2:ability_b:30
baseline,charge_sequence,144,3,42.000000,69120,69120,0,138240,8,69120,true,13092.469,407.254,benchmark-player-1:80:2:ability_b:30;benchmark-player-2:77:3:ability_a:30;benchmark-player-3:75:3:ability_a:30;benchmark-player-4:78:2:ability_b:30
candidate,charge_sequence,144,3,47.000000,4608,0,69120,0,8,69120,true,126.941,409.820,benchmark-player-1:80:2:ability_b:30;benchmark-player-2:77:3:ability_a:30;benchmark-player-3:75:3:ability_a:30;benchmark-player-4:78:2:ability_b:30
candidate,charge_sequence,144,4,49.000000,4608,0,69120,0,8,69120,true,125.527,410.285,benchmark-player-1:80:2:ability_b:30;benchmark-player-2:77:3:ability_a:30;benchmark-player-3:75:3:ability_a:30;benchmark-player-4:78:2:ability_b:30
baseline,charge_sequence,144,4,41.000000,69120,69120,0,138240,8,69120,true,13092.469,408.465,benchmark-player-1:80:2:ability_b:30;benchmark-player-2:77:3:ability_a:30;benchmark-player-3:75:3:ability_a:30;benchmark-player-4:78:2:ability_b:30
baseline,charge_sequence,144,5,42.000000,69120,69120,0,138240,8,69120,true,13092.469,407.770,benchmark-player-1:80:2:ability_b:30;benchmark-player-2:77:3:ability_a:30;benchmark-player-3:75:3:ability_a:30;benchmark-player-4:78:2:ability_b:30
candidate,charge_sequence,144,5,46.000000,4608,0,69120,0,8,69120,true,124.609,412.070,benchmark-player-1:80:2:ability_b:30;benchmark-player-2:77:3:ability_a:30;benchmark-player-3:75:3:ability_a:30;benchmark-player-4:78:2:ability_b:30
