source,workload,hz,sample,clock_ms,formatted_values,player_scans,owner_lookups,offset_replacements,initial_offset_vectors,cooldown_samples,final_state_equal,memory_delta_kb,memory_after_gc_kb,final_state
baseline,idle,30,1,4.000000,4800,0,14400,0,8,14400,true,101.305,285.715,benchmark-player-1:12:1:fixed_ability:30;benchmark-player-2:12:1:fixed_ability:30;benchmark-player-3:12:1:fixed_ability:30;benchmark-player-4:12:1:fixed_ability:30
candidate,idle,30,1,4.000000,4800,0,0,0,8,14400,true,83.105,468.112,benchmark-player-1:12:1:fixed_ability:30;benchmark-player-2:12:1:fixed_ability:30;benchmark-player-3:12:1:fixed_ability:30;benchmark-player-4:12:1:fixed_ability:30
candidate,idle,30,2,7.000000,4800,0,0,0,8,14400,true,82.422,650.908,benchmark-player-1:12:1:fixed_ability:30;benchmark-player-2:12:1:fixed_ability:30;benchmark-player-3:12:1:fixed_ability:30;benchmark-player-4:12:1:fixed_ability:30
baseline,idle,30,2,10.000000,4800,0,14400,0,8,14400,true,41.668,780.115,benchmark-player-1:12:1:fixed_ability:30;benchmark-player-2:12:1:fixed_ability:30;benchmark-player-3:12:1:fixed_ability:30;benchmark-player-4:12:1:fixed_ability:30
baseline,idle,30,3,11.000000,4800,0,14400,0,8,14400,true,40.434,855.424,benchmark-player-1:12:1:fixed_ability:30;benchmark-player-2:12:1:fixed_ability:30;benchmark-player-3:12:1:fixed_ability:30;benchmark-player-4:12:1:fixed_ability:30
candidate,idle,30,3,10.000000,4800,0,0,0,8,14400,true,38.766,928.118,benchmark-player-1:12:1:fixed_ability:30;benchmark-player-2:12:1:fixed_ability:30;benchmark-player-3:12:1:fixed_ability:30;benchmark-player-4:12:1:fixed_ability:30
candidate,idle,30,4,11.000000,4800,0,0,0,8,14400,true,41.434,1003.500,benchmark-player-1:12:1:fixed_ability:30;benchmark-player-2:12:1:fixed_ability:30;benchmark-player-3:12:1:fixed_ability:30;benchmark-player-4:12:1:fixed_ability:30
baseline,idle,30,4,11.000000,4800,0,14400,0,8,14400,true,37.363,1075.797,benchmark-player-1:12:1:fixed_ability:30;benchmark-player-2:12:1:fixed_ability:30;benchmark-player-3:12:1:fixed_ability:30;benchmark-player-4:12:1:fixed_ability:30
baseline,idle,30,5,11.000000,4800,0,14400,0,8,14400,true,41.918,1132.137,benchmark-player-1:12:1:fixed_ability:30;benchmark-player-2:12:1:fixed_ability:30;benchmark-player-3:12:1:fixed_ability:30;benchmark-player-4:12:1:fixed_ability:30
candidate,idle,30,5,12.000000,4800,0,0,0,8,14400,true,37.758,1184.374,benchmark-player-1:12:1:fixed_ability:30;benchmark-player-2:12:1:fixed_ability:30;benchmark-player-3:12:1:fixed_ability:30;benchmark-player-4:12:1:fixed_ability:30
baseline,idle,60,1,22.000000,4460,0,28800,0,8,28800,true,40.313,1187.270,benchmark-player-1:12:1:fixed_ability:30;benchmark-player-2:12:1:fixed_ability:30;benchmark-player-3:12:1:fixed_ability:30;benchmark-player-4:12:1:fixed_ability:30
candidate,idle,60,1,19.000000,4460,0,0,0,8,28800,true,37.516,1239.640,benchmark-player-1:12:1:fixed_ability:30;benchmark-player-2:12:1:fixed_ability:30;benchmark-player-3:12:1:fixed_ability:30;benchmark-player-4:12:1:fixed_ability:30
candidate,idle,60,2,20.000000,4460,0,0,0,8,28800,true,39.227,1240.999,benchmark-player-1:12:1:fixed_ability:30;benchmark-player-2:12:1:fixed_ability:30;benchmark-player-3:12:1:fixed_ability:30;benchmark-player-4:12:1:fixed_ability:30
baseline,idle,60,2,19.000000,4460,0,28800,0,8,28800,true,39.973,1294.616,benchmark-player-1:12:1:fixed_ability:30;benchmark-player-2:12:1:fixed_ability:30;benchmark-player-3:12:1:fixed_ability:30;benchmark-player-4:12:1:fixed_ability:30
baseline,idle,60,3,23.000000,4460,0,28800,0,8,28800,true,25.484,1280.882,benchmark-player-1:12:1:fixed_ability:30;benchmark-player-2:12:1:fixed_ability:30;benchmark-player-3:12:1:fixed_ability:30;benchmark-player-4:12:1:fixed_ability:30
candidate,idle,60,3,20.000000,4460,0,0,0,8,28800,true,38.773,1333.139,benchmark-player-1:12:1:fixed_ability:30;benchmark-player-2:12:1:fixed_ability:30;benchmark-player-3:12:1:fixed_ability:30;benchmark-player-4:12:1:fixed_ability:30
candidate,idle,60,4,22.000000,4460,0,0,0,8,28800,true,38.402,1335.170,benchmark-player-1:12:1:fixed_ability:30;benchmark-player-2:12:1:fixed_ability:30;benchmark-player-3:12:1:fixed_ability:30;benchmark-player-4:12:1:fixed_ability:30
baseline,idle,60,4,12.000000,4460,0,28800,0,8,28800,true,40.371,216.934,benchmark-player-1:12:1:fixed_ability:30;benchmark-player-2:12:1:fixed_ability:30;benchmark-player-3:12:1:fixed_ability:30;benchmark-player-4:12:1:fixed_ability:30
baseline,idle,60,5,13.000000,4460,0,28800,0,8,28800,true,39.539,289.176,benchmark-player-1:12:1:fixed_ability:30;benchmark-player-2:12:1:fixed_ability:30;benchmark-player-3:12:1:fixed_ability:30;benchmark-player-4:12:1:fixed_ability:30
candidate,idle,60,5,11.000000,4460,0,0,0,8,28800,true,37.652,360.374,benchmark-player-1:12:1:fixed_ability:30;benchmark-player-2:12:1:fixed_ability:30;benchmark-player-3:12:1:fixed_ability:30;benchmark-player-4:12:1:fixed_ability:30
baseline,idle,144,1,30.000000,4608,0,69120,0,8,69120,true,39.898,432.612,benchmark-player-1:12:1:fixed_ability:30;benchmark-player-2:12:1:fixed_ability:30;benchmark-player-3:12:1:fixed_ability:30;benchmark-player-4:12:1:fixed_ability:30
candidate,idle,144,1,27.000000,4608,0,0,0,8,69120,true,37.652,503.592,benchmark-player-1:12:1:fixed_ability:30;benchmark-player-2:12:1:fixed_ability:30;benchmark-player-3:12:1:fixed_ability:30;benchmark-player-4:12:1:fixed_ability:30
candidate,idle,144,2,31.000000,4608,0,0,0,8,69120,true,37.871,574.450,benchmark-player-1:12:1:fixed_ability:30;benchmark-player-2:12:1:fixed_ability:30;benchmark-player-3:12:1:fixed_ability:30;benchmark-player-4:12:1:fixed_ability:30
baseline,idle,144,2,29.000000,4608,0,69120,0,8,69120,true,39.199,646.251,benchmark-player-1:12:1:fixed_ability:30;benchmark-player-2:12:1:fixed_ability:30;benchmark-player-3:12:1:fixed_ability:30;benchmark-player-4:12:1:fixed_ability:30
baseline,idle,144,3,32.000000,4608,0,69120,0,8,69120,true,40.391,718.739,benchmark-player-1:12:1:fixed_ability:30;benchmark-player-2:12:1:fixed_ability:30;benchmark-player-3:12:1:fixed_ability:30;benchmark-player-4:12:1:fixed_ability:30
candidate,idle,144,3,39.000000,4608,0,0,0,8,69120,true,14.762,766.078,benchmark-player-1:12:1:fixed_ability:30;benchmark-player-2:12:1:fixed_ability:30;benchmark-player-3:12:1:fixed_ability:30;benchmark-player-4:12:1:fixed_ability:30
candidate,idle,144,4,31.000000,4608,0,0,0,8,69120,true,37.563,828.800,benchmark-player-1:12:1:fixed_ability:30;benchmark-player-2:12:1:fixed_ability:30;benchmark-player-3:12:1:fixed_ability:30;benchmark-player-4:12:1:fixed_ability:30
baseline,idle,144,4,32.000000,4608,0,69120,0,8,69120,true,38.762,889.757,benchmark-player-1:12:1:fixed_ability:30;benchmark-player-2:12:1:fixed_ability:30;benchmark-player-3:12:1:fixed_ability:30;benchmark-player-4:12:1:fixed_ability:30
baseline,idle,144,5,32.000000,4608,0,69120,0,8,69120,true,39.473,953.460,benchmark-player-1:12:1:fixed_ability:30;benchmark-player-2:12:1:fixed_ability:30;benchmark-player-3:12:1:fixed_ability:30;benchmark-player-4:12:1:fixed_ability:30
candidate,idle,144,5,29.000000,4608,0,0,0,8,69120,true,38.262,1015.561,benchmark-player-1:12:1:fixed_ability:30;benchmark-player-2:12:1:fixed_ability:30;benchmark-player-3:12:1:fixed_ability:30;benchmark-player-4:12:1:fixed_ability:30
baseline,charge_sequence,30,1,15.000000,4800,0,14400,0,8,14400,true,458.945,1427.236,benchmark-player-1:80:2:ability_b:30;benchmark-player-2:77:3:ability_a:30;benchmark-player-3:75:3:ability_a:30;benchmark-player-4:78:2:ability_b:30
candidate,charge_sequence,30,1,13.000000,4800,0,0,0,8,14400,true,462.824,569.585,benchmark-player-1:80:2:ability_b:30;benchmark-player-2:77:3:ability_a:30;benchmark-player-3:75:3:ability_a:30;benchmark-player-4:78:2:ability_b:30
candidate,charge_sequence,30,2,10.000000,4800,0,0,0,8,14400,true,185.219,706.428,benchmark-player-1:80:2:ability_b:30;benchmark-player-2:77:3:ability_a:30;benchmark-player-3:75:3:ability_a:30;benchmark-player-4:78:2:ability_b:30
baseline,charge_sequence,30,2,9.000000,4800,0,14400,0,8,14400,true,181.383,809.709,benchmark-player-1:80:2:ability_b:30;benchmark-player-2:77:3:ability_a:30;benchmark-player-3:75:3:ability_a:30;benchmark-player-4:78:2:ability_b:30
baseline,charge_sequence,30,3,12.000000,4800,0,14400,0,8,14400,true,181.164,917.510,benchmark-player-1:80:2:ability_b:30;benchmark-player-2:77:3:ability_a:30;benchmark-player-3:75:3:ability_a:30;benchmark-player-4:78:2:ability_b:30
candidate,charge_sequence,30,3,13.000000,4800,0,0,0,8,14400,true,191.785,1027.696,benchmark-player-1:80:2:ability_b:30;benchmark-player-2:77:3:ability_a:30;benchmark-player-3:75:3:ability_a:30;benchmark-player-4:78:2:ability_b:30
candidate,charge_sequence,30,4,9.000000,4800,0,0,0,8,14400,true,202.035,1156.070,benchmark-player-1:80:2:ability_b:30;benchmark-player-2:77:3:ability_a:30;benchmark-player-3:75:3:ability_a:30;benchmark-player-4:78:2:ability_b:30
baseline,charge_sequence,30,4,12.000000,4800,0,14400,0,8,14400,true,181.383,1263.000,benchmark-player-1:80:2:ability_b:30;benchmark-player-2:77:3:ability_a:30;benchmark-player-3:75:3:ability_a:30;benchmark-player-4:78:2:ability_b:30
baseline,charge_sequence,30,5,36.000000,4800,0,14400,0,8,14400,true,1255.688,609.012,benchmark-player-1:80:2:ability_b:30;benchmark-player-2:77:3:ability_a:30;benchmark-player-3:75:3:ability_a:30;benchmark-player-4:78:2:ability_b:30
candidate,charge_sequence,30,5,15.000000,4800,0,0,0,8,14400,true,381.664,944.749,benchmark-player-1:80:2:ability_b:30;benchmark-player-2:77:3:ability_a:30;benchmark-player-3:75:3:ability_a:30;benchmark-player-4:78:2:ability_b:30
baseline,charge_sequence,60,1,21.000000,4460,0,28800,0,8,28800,true,176.457,1043.823,benchmark-player-1:80:2:ability_b:30;benchmark-player-2:77:3:ability_a:30;benchmark-player-3:75:3:ability_a:30;benchmark-player-4:78:2:ability_b:30
candidate,charge_sequence,60,1,27.000000,4460,0,0,0,8,28800,true,490.039,514.222,benchmark-player-1:80:2:ability_b:30;benchmark-player-2:77:3:ability_a:30;benchmark-player-3:75:3:ability_a:30;benchmark-player-4:78:2:ability_b:30
candidate,charge_sequence,60,2,26.000000,4460,0,0,0,8,28800,true,215.613,700.299,benchmark-player-1:80:2:ability_b:30;benchmark-player-2:77:3:ability_a:30;benchmark-player-3:75:3:ability_a:30;benchmark-player-4:78:2:ability_b:30
baseline,charge_sequence,60,2,19.000000,4460,0,28800,0,8,28800,true,177.016,796.818,benchmark-player-1:80:2:ability_b:30;benchmark-player-2:77:3:ability_a:30;benchmark-player-3:75:3:ability_a:30;benchmark-player-4:78:2:ability_b:30
baseline,charge_sequence,60,3,21.000000,4460,0,28800,0,8,28800,true,178.230,893.924,benchmark-player-1:80:2:ability_b:30;benchmark-player-2:77:3:ability_a:30;benchmark-player-3:75:3:ability_a:30;benchmark-player-4:78:2:ability_b:30
candidate,charge_sequence,60,3,17.000000,4460,0,0,0,8,28800,true,186.555,999.466,benchmark-player-1:80:2:ability_b:30;benchmark-player-2:77:3:ability_a:30;benchmark-player-3:75:3:ability_a:30;benchmark-player-4:78:2:ability_b:30
candidate,charge_sequence,60,4,16.000000,4460,0,0,0,8,28800,true,185.375,1104.785,benchmark-player-1:80:2:ability_b:30;benchmark-player-2:77:3:ability_a:30;benchmark-player-3:75:3:ability_a:30;benchmark-player-4:78:2:ability_b:30
baseline,charge_sequence,60,4,15.000000,4460,0,28800,0,8,28800,true,176.676,1202.598,benchmark-player-1:80:2:ability_b:30;benchmark-player-2:77:3:ability_a:30;benchmark-player-3:75:3:ability_a:30;benchmark-player-4:78:2:ability_b:30
baseline,charge_sequence,60,5,20.000000,4460,0,28800,0,8,28800,true,176.676,1299.285,benchmark-player-1:80:2:ability_b:30;benchmark-player-2:77:3:ability_a:30;benchmark-player-3:75:3:ability_a:30;benchmark-player-4:78:2:ability_b:30
candidate,charge_sequence,60,5,18.000000,4460,0,0,0,8,28800,true,479.668,633.218,benchmark-player-1:80:2:ability_b:30;benchmark-player-2:77:3:ability_a:30;benchmark-player-3:75:3:ability_a:30;benchmark-player-4:78:2:ability_b:30
baseline,charge_sequence,144,1,42.000000,4608,0,69120,0,8,69120,true,153.512,745.464,benchmark-player-1:80:2:ability_b:30;benchmark-player-2:77:3:ability_a:30;benchmark-player-3:75:3:ability_a:30;benchmark-player-4:78:2:ability_b:30
candidate,charge_sequence,144,1,36.000000,4608,0,0,0,8,69120,true,186.883,845.064,benchmark-player-1:80:2:ability_b:30;benchmark-player-2:77:3:ability_a:30;benchmark-player-3:75:3:ability_a:30;benchmark-player-4:78:2:ability_b:30
candidate,charge_sequence,144,2,37.000000,4608,0,0,0,8,69120,true,194.117,949.466,benchmark-player-1:80:2:ability_b:30;benchmark-player-2:77:3:ability_a:30;benchmark-player-3:75:3:ability_a:30;benchmark-player-4:78:2:ability_b:30
baseline,charge_sequence,144,2,50.000000,4608,0,69120,0,8,69120,true,249.344,1101.497,benchmark-player-1:80:2:ability_b:30;benchmark-player-2:77:3:ability_a:30;benchmark-player-3:75:3:ability_a:30;benchmark-player-4:78:2:ability_b:30
baseline,charge_sequence,144,3,52.000000,4608,0,69120,0,8,69120,true,148.590,1153.345,benchmark-player-1:80:2:ability_b:30;benchmark-player-2:77:3:ability_a:30;benchmark-player-3:75:3:ability_a:30;benchmark-player-4:78:2:ability_b:30
candidate,charge_sequence,144,3,30.000000,4608,0,0,0,8,69120,true,187.605,1250.836,benchmark-player-1:80:2:ability_b:30;benchmark-player-2:77:3:ability_a:30;benchmark-player-3:75:3:ability_a:30;benchmark-player-4:78:2:ability_b:30
candidate,charge_sequence,144,4,32.000000,4608,0,0,0,8,69120,true,322.566,390.585,benchmark-player-1:80:2:ability_b:30;benchmark-player-2:77:3:ability_a:30;benchmark-player-3:75:3:ability_a:30;benchmark-player-4:78:2:ability_b:30
baseline,charge_sequence,144,4,40.000000,4608,0,69120,0,8,69120,true,151.324,446.601,benchmark-player-1:80:2:ability_b:30;benchmark-player-2:77:3:ability_a:30;benchmark-player-3:75:3:ability_a:30;benchmark-player-4:78:2:ability_b:30
baseline,charge_sequence,144,5,48.000000,4608,0,69120,0,8,69120,true,149.082,497.097,benchmark-player-1:80:2:ability_b:30;benchmark-player-2:77:3:ability_a:30;benchmark-player-3:75:3:ability_a:30;benchmark-player-4:78:2:ability_b:30
candidate,charge_sequence,144,5,32.000000,4608,0,0,0,8,69120,true,186.766,594.475,benchmark-player-1:80:2:ability_b:30;benchmark-player-2:77:3:ability_a:30;benchmark-player-3:75:3:ability_a:30;benchmark-player-4:78:2:ability_b:30
