baseline_ref,seed,units,attack_events,variant,samples,warmups,metric,avg,min,max
4a05e1971a449b1a8db2a9bd2181e9e7c58e0a06,268,0,0,baseline,5,1,elapsed_ms,0.2074,0.1813,0.2190
4a05e1971a449b1a8db2a9bd2181e9e7c58e0a06,268,0,0,baseline,5,1,health_extension_calls,0.0000,0.0000,0.0000
4a05e1971a449b1a8db2a9bd2181e9e7c58e0a06,268,0,0,baseline,5,1,game_session_field_reads,0.0000,0.0000,0.0000
4a05e1971a449b1a8db2a9bd2181e9e7c58e0a06,268,0,0,baseline,5,1,current_health_reads,0.0000,0.0000,0.0000
4a05e1971a449b1a8db2a9bd2181e9e7c58e0a06,268,0,0,baseline,5,1,damage_taken_reads,0.0000,0.0000,0.0000
4a05e1971a449b1a8db2a9bd2181e9e7c58e0a06,268,0,0,baseline,5,1,max_health_reads,0.0000,0.0000,0.0000
4a05e1971a449b1a8db2a9bd2181e9e7c58e0a06,268,0,0,baseline,5,1,player_scans,0.0000,0.0000,0.0000
4a05e1971a449b1a8db2a9bd2181e9e7c58e0a06,268,0,0,baseline,5,1,owner_lookups,0.0000,0.0000,0.0000
4a05e1971a449b1a8db2a9bd2181e9e7c58e0a06,268,0,0,baseline,5,1,format_calls,240.0000,240.0000,240.0000
4a05e1971a449b1a8db2a9bd2181e9e7c58e0a06,268,0,0,baseline,5,1,hud_rebuilds,21.0000,21.0000,21.0000
4a05e1971a449b1a8db2a9bd2181e9e7c58e0a06,268,0,0,baseline,5,1,tracked_before_cleanup,0.0000,0.0000,0.0000
4a05e1971a449b1a8db2a9bd2181e9e7c58e0a06,268,0,0,baseline,5,1,tracked_after_cleanup,0.0000,0.0000,0.0000
4a05e1971a449b1a8db2a9bd2181e9e7c58e0a06,268,0,0,baseline,5,1,memory_delta_kb,112.0652,110.3613,112.6699
4a05e1971a449b1a8db2a9bd2181e9e7c58e0a06,268,0,0,after,5,1,elapsed_ms,0.1952,0.0812,0.2907
4a05e1971a449b1a8db2a9bd2181e9e7c58e0a06,268,0,0,after,5,1,health_extension_calls,0.0000,0.0000,0.0000
4a05e1971a449b1a8db2a9bd2181e9e7c58e0a06,268,0,0,after,5,1,game_session_field_reads,0.0000,0.0000,0.0000
4a05e1971a449b1a8db2a9bd2181e9e7c58e0a06,268,0,0,after,5,1,current_health_reads,0.0000,0.0000,0.0000
4a05e1971a449b1a8db2a9bd2181e9e7c58e0a06,268,0,0,after,5,1,damage_taken_reads,0.0000,0.0000,0.0000
4a05e1971a449b1a8db2a9bd2181e9e7c58e0a06,268,0,0,after,5,1,max_health_reads,0.0000,0.0000,0.0000
4a05e1971a449b1a8db2a9bd2181e9e7c58e0a06,268,0,0,after,5,1,player_scans,0.0000,0.0000,0.0000
4a05e1971a449b1a8db2a9bd2181e9e7c58e0a06,268,0,0,after,5,1,owner_lookups,0.0000,0.0000,0.0000
4a05e1971a449b1a8db2a9bd2181e9e7c58e0a06,268,0,0,after,5,1,format_calls,40.0000,40.0000,40.0000
4a05e1971a449b1a8db2a9bd2181e9e7c58e0a06,268,0,0,after,5,1,hud_rebuilds,0.0000,0.0000,0.0000
4a05e1971a449b1a8db2a9bd2181e9e7c58e0a06,268,0,0,after,5,1,tracked_before_cleanup,0.0000,0.0000,0.0000
4a05e1971a449b1a8db2a9bd2181e9e7c58e0a06,268,0,0,after,5,1,tracked_after_cleanup,0.0000,0.0000,0.0000
4a05e1971a449b1a8db2a9bd2181e9e7c58e0a06,268,0,0,after,5,1,memory_delta_kb,127.3582,126.2051,129.6973
4a05e1971a449b1a8db2a9bd2181e9e7c58e0a06,268,0,100,baseline,5,1,elapsed_ms,0.2622,0.1232,0.4745
4a05e1971a449b1a8db2a9bd2181e9e7c58e0a06,268,0,100,baseline,5,1,health_extension_calls,0.0000,0.0000,0.0000
4a05e1971a449b1a8db2a9bd2181e9e7c58e0a06,268,0,100,baseline,5,1,game_session_field_reads,0.0000,0.0000,0.0000
4a05e1971a449b1a8db2a9bd2181e9e7c58e0a06,268,0,100,baseline,5,1,current_health_reads,0.0000,0.0000,0.0000
4a05e1971a449b1a8db2a9bd2181e9e7c58e0a06,268,0,100,baseline,5,1,damage_taken_reads,0.0000,0.0000,0.0000
4a05e1971a449b1a8db2a9bd2181e9e7c58e0a06,268,0,100,baseline,5,1,max_health_reads,0.0000,0.0000,0.0000
4a05e1971a449b1a8db2a9bd2181e9e7c58e0a06,268,0,100,baseline,5,1,player_scans,100.0000,100.0000,100.0000
4a05e1971a449b1a8db2a9bd2181e9e7c58e0a06,268,0,100,baseline,5,1,owner_lookups,0.0000,0.0000,0.0000
4a05e1971a449b1a8db2a9bd2181e9e7c58e0a06,268,0,100,baseline,5,1,format_calls,240.0000,240.0000,240.0000
4a05e1971a449b1a8db2a9bd2181e9e7c58e0a06,268,0,100,baseline,5,1,hud_rebuilds,21.0000,21.0000,21.0000
4a05e1971a449b1a8db2a9bd2181e9e7c58e0a06,268,0,100,baseline,5,1,tracked_before_cleanup,0.0000,0.0000,0.0000
4a05e1971a449b1a8db2a9bd2181e9e7c58e0a06,268,0,100,baseline,5,1,tracked_after_cleanup,0.0000,0.0000,0.0000
4a05e1971a449b1a8db2a9bd2181e9e7c58e0a06,268,0,100,baseline,5,1,memory_delta_kb,125.6965,120.1230,133.1934
4a05e1971a449b1a8db2a9bd2181e9e7c58e0a06,268,0,100,after,5,1,elapsed_ms,0.3591,0.0486,0.7215
4a05e1971a449b1a8db2a9bd2181e9e7c58e0a06,268,0,100,after,5,1,health_extension_calls,0.0000,0.0000,0.0000
4a05e1971a449b1a8db2a9bd2181e9e7c58e0a06,268,0,100,after,5,1,game_session_field_reads,0.0000,0.0000,0.0000
4a05e1971a449b1a8db2a9bd2181e9e7c58e0a06,268,0,100,after,5,1,current_health_reads,0.0000,0.0000,0.0000
4a05e1971a449b1a8db2a9bd2181e9e7c58e0a06,268,0,100,after,5,1,damage_taken_reads,0.0000,0.0000,0.0000
4a05e1971a449b1a8db2a9bd2181e9e7c58e0a06,268,0,100,after,5,1,max_health_reads,0.0000,0.0000,0.0000
4a05e1971a449b1a8db2a9bd2181e9e7c58e0a06,268,0,100,after,5,1,player_scans,0.0000,0.0000,0.0000
4a05e1971a449b1a8db2a9bd2181e9e7c58e0a06,268,0,100,after,5,1,owner_lookups,0.0000,0.0000,0.0000
4a05e1971a449b1a8db2a9bd2181e9e7c58e0a06,268,0,100,after,5,1,format_calls,40.0000,40.0000,40.0000
4a05e1971a449b1a8db2a9bd2181e9e7c58e0a06,268,0,100,after,5,1,hud_rebuilds,0.0000,0.0000,0.0000
4a05e1971a449b1a8db2a9bd2181e9e7c58e0a06,268,0,100,after,5,1,tracked_before_cleanup,0.0000,0.0000,0.0000
4a05e1971a449b1a8db2a9bd2181e9e7c58e0a06,268,0,100,after,5,1,tracked_after_cleanup,0.0000,0.0000,0.0000
4a05e1971a449b1a8db2a9bd2181e9e7c58e0a06,268,0,100,after,5,1,memory_delta_kb,129.7105,126.4746,135.5605
4a05e1971a449b1a8db2a9bd2181e9e7c58e0a06,268,0,500,baseline,5,1,elapsed_ms,0.5957,0.4301,0.8286
4a05e1971a449b1a8db2a9bd2181e9e7c58e0a06,268,0,500,baseline,5,1,health_extension_calls,0.0000,0.0000,0.0000
4a05e1971a449b1a8db2a9bd2181e9e7c58e0a06,268,0,500,baseline,5,1,game_session_field_reads,0.0000,0.0000,0.0000
4a05e1971a449b1a8db2a9bd2181e9e7c58e0a06,268,0,500,baseline,5,1,current_health_reads,0.0000,0.0000,0.0000
4a05e1971a449b1a8db2a9bd2181e9e7c58e0a06,268,0,500,baseline,5,1,damage_taken_reads,0.0000,0.0000,0.0000
4a05e1971a449b1a8db2a9bd2181e9e7c58e0a06,268,0,500,baseline,5,1,max_health_reads,0.0000,0.0000,0.0000
4a05e1971a449b1a8db2a9bd2181e9e7c58e0a06,268,0,500,baseline,5,1,player_scans,500.0000,500.0000,500.0000
4a05e1971a449b1a8db2a9bd2181e9e7c58e0a06,268,0,500,baseline,5,1,owner_lookups,0.0000,0.0000,0.0000
4a05e1971a449b1a8db2a9bd2181e9e7c58e0a06,268,0,500,baseline,5,1,format_calls,240.0000,240.0000,240.0000
4a05e1971a449b1a8db2a9bd2181e9e7c58e0a06,268,0,500,baseline,5,1,hud_rebuilds,21.0000,21.0000,21.0000
4a05e1971a449b1a8db2a9bd2181e9e7c58e0a06,268,0,500,baseline,5,1,tracked_before_cleanup,0.0000,0.0000,0.0000
4a05e1971a449b1a8db2a9bd2181e9e7c58e0a06,268,0,500,baseline,5,1,tracked_after_cleanup,0.0000,0.0000,0.0000
4a05e1971a449b1a8db2a9bd2181e9e7c58e0a06,268,0,500,baseline,5,1,memory_delta_kb,366.1809,240.3887,484.9941
4a05e1971a449b1a8db2a9bd2181e9e7c58e0a06,268,0,500,after,5,1,elapsed_ms,0.5189,0.2140,0.7690
4a05e1971a449b1a8db2a9bd2181e9e7c58e0a06,268,0,500,after,5,1,health_extension_calls,0.0000,0.0000,0.0000
4a05e1971a449b1a8db2a9bd2181e9e7c58e0a06,268,0,500,after,5,1,game_session_field_reads,0.0000,0.0000,0.0000
4a05e1971a449b1a8db2a9bd2181e9e7c58e0a06,268,0,500,after,5,1,current_health_reads,0.0000,0.0000,0.0000
4a05e1971a449b1a8db2a9bd2181e9e7c58e0a06,268,0,500,after,5,1,damage_taken_reads,0.0000,0.0000,0.0000
4a05e1971a449b1a8db2a9bd2181e9e7c58e0a06,268,0,500,after,5,1,max_health_reads,0.0000,0.0000,0.0000
4a05e1971a449b1a8db2a9bd2181e9e7c58e0a06,268,0,500,after,5,1,player_scans,0.0000,0.0000,0.0000
4a05e1971a449b1a8db2a9bd2181e9e7c58e0a06,268,0,500,after,5,1,owner_lookups,0.0000,0.0000,0.0000
4a05e1971a449b1a8db2a9bd2181e9e7c58e0a06,268,0,500,after,5,1,format_calls,40.0000,40.0000,40.0000
4a05e1971a449b1a8db2a9bd2181e9e7c58e0a06,268,0,500,after,5,1,hud_rebuilds,0.0000,0.0000,0.0000
4a05e1971a449b1a8db2a9bd2181e9e7c58e0a06,268,0,500,after,5,1,tracked_before_cleanup,0.0000,0.0000,0.0000
4a05e1971a449b1a8db2a9bd2181e9e7c58e0a06,268,0,500,after,5,1,tracked_after_cleanup,0.0000,0.0000,0.0000
4a05e1971a449b1a8db2a9bd2181e9e7c58e0a06,268,0,500,after,5,1,memory_delta_kb,503.5957,501.5840,504.5332
4a05e1971a449b1a8db2a9bd2181e9e7c58e0a06,268,50,0,baseline,5,1,elapsed_ms,0.3223,0.1998,0.4427
4a05e1971a449b1a8db2a9bd2181e9e7c58e0a06,268,50,0,baseline,5,1,health_extension_calls,3000.0000,3000.0000,3000.0000
4a05e1971a449b1a8db2a9bd2181e9e7c58e0a06,268,50,0,baseline,5,1,game_session_field_reads,6000.0000,6000.0000,6000.0000
4a05e1971a449b1a8db2a9bd2181e9e7c58e0a06,268,50,0,baseline,5,1,current_health_reads,3000.0000,3000.0000,3000.0000
4a05e1971a449b1a8db2a9bd2181e9e7c58e0a06,268,50,0,baseline,5,1,damage_taken_reads,0.0000,0.0000,0.0000
4a05e1971a449b1a8db2a9bd2181e9e7c58e0a06,268,50,0,baseline,5,1,max_health_reads,0.0000,0.0000,0.0000
4a05e1971a449b1a8db2a9bd2181e9e7c58e0a06,268,50,0,baseline,5,1,player_scans,0.0000,0.0000,0.0000
4a05e1971a449b1a8db2a9bd2181e9e7c58e0a06,268,50,0,baseline,5,1,owner_lookups,0.0000,0.0000,0.0000
4a05e1971a449b1a8db2a9bd2181e9e7c58e0a06,268,50,0,baseline,5,1,format_calls,240.0000,240.0000,240.0000
4a05e1971a449b1a8db2a9bd2181e9e7c58e0a06,268,50,0,baseline,5,1,hud_rebuilds,21.0000,21.0000,21.0000
4a05e1971a449b1a8db2a9bd2181e9e7c58e0a06,268,50,0,baseline,5,1,tracked_before_cleanup,50.0000,50.0000,50.0000
4a05e1971a449b1a8db2a9bd2181e9e7c58e0a06,268,50,0,baseline,5,1,tracked_after_cleanup,50.0000,50.0000,50.0000
4a05e1971a449b1a8db2a9bd2181e9e7c58e0a06,268,50,0,baseline,5,1,memory_delta_kb,158.2598,155.3809,162.8770
4a05e1971a449b1a8db2a9bd2181e9e7c58e0a06,268,50,0,after,5,1,elapsed_ms,0.3455,0.2580,0.5230
4a05e1971a449b1a8db2a9bd2181e9e7c58e0a06,268,50,0,after,5,1,health_extension_calls,3000.0000,3000.0000,3000.0000
4a05e1971a449b1a8db2a9bd2181e9e7c58e0a06,268,50,0,after,5,1,game_session_field_reads,6000.0000,6000.0000,6000.0000
4a05e1971a449b1a8db2a9bd2181e9e7c58e0a06,268,50,0,after,5,1,current_health_reads,3000.0000,3000.0000,3000.0000
4a05e1971a449b1a8db2a9bd2181e9e7c58e0a06,268,50,0,after,5,1,damage_taken_reads,0.0000,0.0000,0.0000
4a05e1971a449b1a8db2a9bd2181e9e7c58e0a06,268,50,0,after,5,1,max_health_reads,0.0000,0.0000,0.0000
4a05e1971a449b1a8db2a9bd2181e9e7c58e0a06,268,50,0,after,5,1,player_scans,0.0000,0.0000,0.0000
4a05e1971a449b1a8db2a9bd2181e9e7c58e0a06,268,50,0,after,5,1,owner_lookups,0.0000,0.0000,0.0000
4a05e1971a449b1a8db2a9bd2181e9e7c58e0a06,268,50,0,after,5,1,format_calls,40.0000,40.0000,40.0000
4a05e1971a449b1a8db2a9bd2181e9e7c58e0a06,268,50,0,after,5,1,hud_rebuilds,0.0000,0.0000,0.0000
4a05e1971a449b1a8db2a9bd2181e9e7c58e0a06,268,50,0,after,5,1,tracked_before_cleanup,50.0000,50.0000,50.0000
4a05e1971a449b1a8db2a9bd2181e9e7c58e0a06,268,50,0,after,5,1,tracked_after_cleanup,0.0000,0.0000,0.0000
4a05e1971a449b1a8db2a9bd2181e9e7c58e0a06,268,50,0,after,5,1,memory_delta_kb,179.3941,168.2246,191.0488
4a05e1971a449b1a8db2a9bd2181e9e7c58e0a06,268,50,100,baseline,5,1,elapsed_ms,0.9775,0.8435,1.1257
4a05e1971a449b1a8db2a9bd2181e9e7c58e0a06,268,50,100,baseline,5,1,health_extension_calls,3300.0000,3300.0000,3300.0000
4a05e1971a449b1a8db2a9bd2181e9e7c58e0a06,268,50,100,baseline,5,1,game_session_field_reads,6400.0000,6400.0000,6400.0000
4a05e1971a449b1a8db2a9bd2181e9e7c58e0a06,268,50,100,baseline,5,1,current_health_reads,3100.0000,3100.0000,3100.0000
4a05e1971a449b1a8db2a9bd2181e9e7c58e0a06,268,50,100,baseline,5,1,damage_taken_reads,100.0000,100.0000,100.0000
4a05e1971a449b1a8db2a9bd2181e9e7c58e0a06,268,50,100,baseline,5,1,max_health_reads,100.0000,100.0000,100.0000
4a05e1971a449b1a8db2a9bd2181e9e7c58e0a06,268,50,100,baseline,5,1,player_scans,100.0000,100.0000,100.0000
4a05e1971a449b1a8db2a9bd2181e9e7c58e0a06,268,50,100,baseline,5,1,owner_lookups,0.0000,0.0000,0.0000
4a05e1971a449b1a8db2a9bd2181e9e7c58e0a06,268,50,100,baseline,5,1,format_calls,240.0000,240.0000,240.0000
4a05e1971a449b1a8db2a9bd2181e9e7c58e0a06,268,50,100,baseline,5,1,hud_rebuilds,21.0000,21.0000,21.0000
4a05e1971a449b1a8db2a9bd2181e9e7c58e0a06,268,50,100,baseline,5,1,tracked_before_cleanup,50.0000,50.0000,50.0000
4a05e1971a449b1a8db2a9bd2181e9e7c58e0a06,268,50,100,baseline,5,1,tracked_after_cleanup,50.0000,50.0000,50.0000
4a05e1971a449b1a8db2a9bd2181e9e7c58e0a06,268,50,100,baseline,5,1,memory_delta_kb,229.5191,208.0762,258.5137
4a05e1971a449b1a8db2a9bd2181e9e7c58e0a06,268,50,100,after,5,1,elapsed_ms,0.7412,0.5634,0.9633
4a05e1971a449b1a8db2a9bd2181e9e7c58e0a06,268,50,100,after,5,1,health_extension_calls,3100.0000,3100.0000,3100.0000
4a05e1971a449b1a8db2a9bd2181e9e7c58e0a06,268,50,100,after,5,1,game_session_field_reads,6200.0000,6200.0000,6200.0000
4a05e1971a449b1a8db2a9bd2181e9e7c58e0a06,268,50,100,after,5,1,current_health_reads,3100.0000,3100.0000,3100.0000
4a05e1971a449b1a8db2a9bd2181e9e7c58e0a06,268,50,100,after,5,1,damage_taken_reads,0.0000,0.0000,0.0000
4a05e1971a449b1a8db2a9bd2181e9e7c58e0a06,268,50,100,after,5,1,max_health_reads,0.0000,0.0000,0.0000
4a05e1971a449b1a8db2a9bd2181e9e7c58e0a06,268,50,100,after,5,1,player_scans,0.0000,0.0000,0.0000
4a05e1971a449b1a8db2a9bd2181e9e7c58e0a06,268,50,100,after,5,1,owner_lookups,100.0000,100.0000,100.0000
4a05e1971a449b1a8db2a9bd2181e9e7c58e0a06,268,50,100,after,5,1,format_calls,40.0000,40.0000,40.0000
4a05e1971a449b1a8db2a9bd2181e9e7c58e0a06,268,50,100,after,5,1,hud_rebuilds,0.0000,0.0000,0.0000
4a05e1971a449b1a8db2a9bd2181e9e7c58e0a06,268,50,100,after,5,1,tracked_before_cleanup,50.0000,50.0000,50.0000
4a05e1971a449b1a8db2a9bd2181e9e7c58e0a06,268,50,100,after,5,1,tracked_after_cleanup,0.0000,0.0000,0.0000
4a05e1971a449b1a8db2a9bd2181e9e7c58e0a06,268,50,100,after,5,1,memory_delta_kb,246.9074,221.2910,318.3457
4a05e1971a449b1a8db2a9bd2181e9e7c58e0a06,268,50,500,baseline,5,1,elapsed_ms,0.9157,0.6872,1.3771
4a05e1971a449b1a8db2a9bd2181e9e7c58e0a06,268,50,500,baseline,5,1,health_extension_calls,4500.0000,4500.0000,4500.0000
4a05e1971a449b1a8db2a9bd2181e9e7c58e0a06,268,50,500,baseline,5,1,game_session_field_reads,8000.0000,8000.0000,8000.0000
4a05e1971a449b1a8db2a9bd2181e9e7c58e0a06,268,50,500,baseline,5,1,current_health_reads,3500.0000,3500.0000,3500.0000
4a05e1971a449b1a8db2a9bd2181e9e7c58e0a06,268,50,500,baseline,5,1,damage_taken_reads,500.0000,500.0000,500.0000
4a05e1971a449b1a8db2a9bd2181e9e7c58e0a06,268,50,500,baseline,5,1,max_health_reads,500.0000,500.0000,500.0000
4a05e1971a449b1a8db2a9bd2181e9e7c58e0a06,268,50,500,baseline,5,1,player_scans,500.0000,500.0000,500.0000
4a05e1971a449b1a8db2a9bd2181e9e7c58e0a06,268,50,500,baseline,5,1,owner_lookups,0.0000,0.0000,0.0000
4a05e1971a449b1a8db2a9bd2181e9e7c58e0a06,268,50,500,baseline,5,1,format_calls,240.0000,240.0000,240.0000
4a05e1971a449b1a8db2a9bd2181e9e7c58e0a06,268,50,500,baseline,5,1,hud_rebuilds,21.0000,21.0000,21.0000
4a05e1971a449b1a8db2a9bd2181e9e7c58e0a06,268,50,500,baseline,5,1,tracked_before_cleanup,50.0000,50.0000,50.0000
4a05e1971a449b1a8db2a9bd2181e9e7c58e0a06,268,50,500,baseline,5,1,tracked_after_cleanup,50.0000,50.0000,50.0000
4a05e1971a449b1a8db2a9bd2181e9e7c58e0a06,268,50,500,baseline,5,1,memory_delta_kb,330.1699,324.5371,332.8340
4a05e1971a449b1a8db2a9bd2181e9e7c58e0a06,268,50,500,after,5,1,elapsed_ms,0.7726,0.6678,0.8572
4a05e1971a449b1a8db2a9bd2181e9e7c58e0a06,268,50,500,after,5,1,health_extension_calls,3500.0000,3500.0000,3500.0000
4a05e1971a449b1a8db2a9bd2181e9e7c58e0a06,268,50,500,after,5,1,game_session_field_reads,7000.0000,7000.0000,7000.0000
4a05e1971a449b1a8db2a9bd2181e9e7c58e0a06,268,50,500,after,5,1,current_health_reads,3500.0000,3500.0000,3500.0000
4a05e1971a449b1a8db2a9bd2181e9e7c58e0a06,268,50,500,after,5,1,damage_taken_reads,0.0000,0.0000,0.0000
4a05e1971a449b1a8db2a9bd2181e9e7c58e0a06,268,50,500,after,5,1,max_health_reads,0.0000,0.0000,0.0000
4a05e1971a449b1a8db2a9bd2181e9e7c58e0a06,268,50,500,after,5,1,player_scans,0.0000,0.0000,0.0000
4a05e1971a449b1a8db2a9bd2181e9e7c58e0a06,268,50,500,after,5,1,owner_lookups,500.0000,500.0000,500.0000
4a05e1971a449b1a8db2a9bd2181e9e7c58e0a06,268,50,500,after,5,1,format_calls,40.0000,40.0000,40.0000
4a05e1971a449b1a8db2a9bd2181e9e7c58e0a06,268,50,500,after,5,1,hud_rebuilds,0.0000,0.0000,0.0000
4a05e1971a449b1a8db2a9bd2181e9e7c58e0a06,268,50,500,after,5,1,tracked_before_cleanup,50.0000,50.0000,50.0000
4a05e1971a449b1a8db2a9bd2181e9e7c58e0a06,268,50,500,after,5,1,tracked_after_cleanup,0.0000,0.0000,0.0000
4a05e1971a449b1a8db2a9bd2181e9e7c58e0a06,268,50,500,after,5,1,memory_delta_kb,358.6363,351.9395,367.7715
4a05e1971a449b1a8db2a9bd2181e9e7c58e0a06,268,200,0,baseline,5,1,elapsed_ms,0.4303,0.3818,0.5190
4a05e1971a449b1a8db2a9bd2181e9e7c58e0a06,268,200,0,baseline,5,1,health_extension_calls,12000.0000,12000.0000,12000.0000
4a05e1971a449b1a8db2a9bd2181e9e7c58e0a06,268,200,0,baseline,5,1,game_session_field_reads,24000.0000,24000.0000,24000.0000
4a05e1971a449b1a8db2a9bd2181e9e7c58e0a06,268,200,0,baseline,5,1,current_health_reads,12000.0000,12000.0000,12000.0000
4a05e1971a449b1a8db2a9bd2181e9e7c58e0a06,268,200,0,baseline,5,1,damage_taken_reads,0.0000,0.0000,0.0000
4a05e1971a449b1a8db2a9bd2181e9e7c58e0a06,268,200,0,baseline,5,1,max_health_reads,0.0000,0.0000,0.0000
4a05e1971a449b1a8db2a9bd2181e9e7c58e0a06,268,200,0,baseline,5,1,player_scans,0.0000,0.0000,0.0000
4a05e1971a449b1a8db2a9bd2181e9e7c58e0a06,268,200,0,baseline,5,1,owner_lookups,0.0000,0.0000,0.0000
4a05e1971a449b1a8db2a9bd2181e9e7c58e0a06,268,200,0,baseline,5,1,format_calls,240.0000,240.0000,240.0000
4a05e1971a449b1a8db2a9bd2181e9e7c58e0a06,268,200,0,baseline,5,1,hud_rebuilds,21.0000,21.0000,21.0000
4a05e1971a449b1a8db2a9bd2181e9e7c58e0a06,268,200,0,baseline,5,1,tracked_before_cleanup,200.0000,200.0000,200.0000
4a05e1971a449b1a8db2a9bd2181e9e7c58e0a06,268,200,0,baseline,5,1,tracked_after_cleanup,200.0000,200.0000,200.0000
4a05e1971a449b1a8db2a9bd2181e9e7c58e0a06,268,200,0,baseline,5,1,memory_delta_kb,286.7941,285.6348,289.3105
4a05e1971a449b1a8db2a9bd2181e9e7c58e0a06,268,200,0,after,5,1,elapsed_ms,0.4119,0.3553,0.5357
4a05e1971a449b1a8db2a9bd2181e9e7c58e0a06,268,200,0,after,5,1,health_extension_calls,12000.0000,12000.0000,12000.0000
4a05e1971a449b1a8db2a9bd2181e9e7c58e0a06,268,200,0,after,5,1,game_session_field_reads,24000.0000,24000.0000,24000.0000
4a05e1971a449b1a8db2a9bd2181e9e7c58e0a06,268,200,0,after,5,1,current_health_reads,12000.0000,12000.0000,12000.0000
4a05e1971a449b1a8db2a9bd2181e9e7c58e0a06,268,200,0,after,5,1,damage_taken_reads,0.0000,0.0000,0.0000
4a05e1971a449b1a8db2a9bd2181e9e7c58e0a06,268,200,0,after,5,1,max_health_reads,0.0000,0.0000,0.0000
4a05e1971a449b1a8db2a9bd2181e9e7c58e0a06,268,200,0,after,5,1,player_scans,0.0000,0.0000,0.0000
4a05e1971a449b1a8db2a9bd2181e9e7c58e0a06,268,200,0,after,5,1,owner_lookups,0.0000,0.0000,0.0000
4a05e1971a449b1a8db2a9bd2181e9e7c58e0a06,268,200,0,after,5,1,format_calls,40.0000,40.0000,40.0000
4a05e1971a449b1a8db2a9bd2181e9e7c58e0a06,268,200,0,after,5,1,hud_rebuilds,0.0000,0.0000,0.0000
4a05e1971a449b1a8db2a9bd2181e9e7c58e0a06,268,200,0,after,5,1,tracked_before_cleanup,200.0000,200.0000,200.0000
4a05e1971a449b1a8db2a9bd2181e9e7c58e0a06,268,200,0,after,5,1,tracked_after_cleanup,0.0000,0.0000,0.0000
4a05e1971a449b1a8db2a9bd2181e9e7c58e0a06,268,200,0,after,5,1,memory_delta_kb,313.3480,310.5176,314.4941
4a05e1971a449b1a8db2a9bd2181e9e7c58e0a06,268,200,100,baseline,5,1,elapsed_ms,0.7048,0.4326,0.9260
4a05e1971a449b1a8db2a9bd2181e9e7c58e0a06,268,200,100,baseline,5,1,health_extension_calls,12300.0000,12300.0000,12300.0000
4a05e1971a449b1a8db2a9bd2181e9e7c58e0a06,268,200,100,baseline,5,1,game_session_field_reads,24400.0000,24400.0000,24400.0000
4a05e1971a449b1a8db2a9bd2181e9e7c58e0a06,268,200,100,baseline,5,1,current_health_reads,12100.0000,12100.0000,12100.0000
4a05e1971a449b1a8db2a9bd2181e9e7c58e0a06,268,200,100,baseline,5,1,damage_taken_reads,100.0000,100.0000,100.0000
4a05e1971a449b1a8db2a9bd2181e9e7c58e0a06,268,200,100,baseline,5,1,max_health_reads,100.0000,100.0000,100.0000
4a05e1971a449b1a8db2a9bd2181e9e7c58e0a06,268,200,100,baseline,5,1,player_scans,100.0000,100.0000,100.0000
4a05e1971a449b1a8db2a9bd2181e9e7c58e0a06,268,200,100,baseline,5,1,owner_lookups,0.0000,0.0000,0.0000
4a05e1971a449b1a8db2a9bd2181e9e7c58e0a06,268,200,100,baseline,5,1,format_calls,240.0000,240.0000,240.0000
4a05e1971a449b1a8db2a9bd2181e9e7c58e0a06,268,200,100,baseline,5,1,hud_rebuilds,21.0000,21.0000,21.0000
4a05e1971a449b1a8db2a9bd2181e9e7c58e0a06,268,200,100,baseline,5,1,tracked_before_cleanup,200.0000,200.0000,200.0000
4a05e1971a449b1a8db2a9bd2181e9e7c58e0a06,268,200,100,baseline,5,1,tracked_after_cleanup,200.0000,200.0000,200.0000
4a05e1971a449b1a8db2a9bd2181e9e7c58e0a06,268,200,100,baseline,5,1,memory_delta_kb,327.4668,322.1816,331.6270
4a05e1971a449b1a8db2a9bd2181e9e7c58e0a06,268,200,100,after,5,1,elapsed_ms,0.6757,0.5612,0.8110
4a05e1971a449b1a8db2a9bd2181e9e7c58e0a06,268,200,100,after,5,1,health_extension_calls,12100.0000,12100.0000,12100.0000
4a05e1971a449b1a8db2a9bd2181e9e7c58e0a06,268,200,100,after,5,1,game_session_field_reads,24200.0000,24200.0000,24200.0000
4a05e1971a449b1a8db2a9bd2181e9e7c58e0a06,268,200,100,after,5,1,current_health_reads,12100.0000,12100.0000,12100.0000
4a05e1971a449b1a8db2a9bd2181e9e7c58e0a06,268,200,100,after,5,1,damage_taken_reads,0.0000,0.0000,0.0000
4a05e1971a449b1a8db2a9bd2181e9e7c58e0a06,268,200,100,after,5,1,max_health_reads,0.0000,0.0000,0.0000
4a05e1971a449b1a8db2a9bd2181e9e7c58e0a06,268,200,100,after,5,1,player_scans,0.0000,0.0000,0.0000
4a05e1971a449b1a8db2a9bd2181e9e7c58e0a06,268,200,100,after,5,1,owner_lookups,100.0000,100.0000,100.0000
4a05e1971a449b1a8db2a9bd2181e9e7c58e0a06,268,200,100,after,5,1,format_calls,40.0000,40.0000,40.0000
4a05e1971a449b1a8db2a9bd2181e9e7c58e0a06,268,200,100,after,5,1,hud_rebuilds,0.0000,0.0000,0.0000
4a05e1971a449b1a8db2a9bd2181e9e7c58e0a06,268,200,100,after,5,1,tracked_before_cleanup,200.0000,200.0000,200.0000
4a05e1971a449b1a8db2a9bd2181e9e7c58e0a06,268,200,100,after,5,1,tracked_after_cleanup,0.0000,0.0000,0.0000
4a05e1971a449b1a8db2a9bd2181e9e7c58e0a06,268,200,100,after,5,1,memory_delta_kb,354.5621,348.7520,361.1621
4a05e1971a449b1a8db2a9bd2181e9e7c58e0a06,268,200,500,baseline,5,1,elapsed_ms,1.3897,0.9807,1.8008
4a05e1971a449b1a8db2a9bd2181e9e7c58e0a06,268,200,500,baseline,5,1,health_extension_calls,13500.0000,13500.0000,13500.0000
4a05e1971a449b1a8db2a9bd2181e9e7c58e0a06,268,200,500,baseline,5,1,game_session_field_reads,26000.0000,26000.0000,26000.0000
4a05e1971a449b1a8db2a9bd2181e9e7c58e0a06,268,200,500,baseline,5,1,current_health_reads,12500.0000,12500.0000,12500.0000
4a05e1971a449b1a8db2a9bd2181e9e7c58e0a06,268,200,500,baseline,5,1,damage_taken_reads,500.0000,500.0000,500.0000
4a05e1971a449b1a8db2a9bd2181e9e7c58e0a06,268,200,500,baseline,5,1,max_health_reads,500.0000,500.0000,500.0000
4a05e1971a449b1a8db2a9bd2181e9e7c58e0a06,268,200,500,baseline,5,1,player_scans,500.0000,500.0000,500.0000
4a05e1971a449b1a8db2a9bd2181e9e7c58e0a06,268,200,500,baseline,5,1,owner_lookups,0.0000,0.0000,0.0000
4a05e1971a449b1a8db2a9bd2181e9e7c58e0a06,268,200,500,baseline,5,1,format_calls,240.0000,240.0000,240.0000
4a05e1971a449b1a8db2a9bd2181e9e7c58e0a06,268,200,500,baseline,5,1,hud_rebuilds,21.0000,21.0000,21.0000
4a05e1971a449b1a8db2a9bd2181e9e7c58e0a06,268,200,500,baseline,5,1,tracked_before_cleanup,200.0000,200.0000,200.0000
4a05e1971a449b1a8db2a9bd2181e9e7c58e0a06,268,200,500,baseline,5,1,tracked_after_cleanup,200.0000,200.0000,200.0000
4a05e1971a449b1a8db2a9bd2181e9e7c58e0a06,268,200,500,baseline,5,1,memory_delta_kb,464.9277,461.2793,467.0918
4a05e1971a449b1a8db2a9bd2181e9e7c58e0a06,268,200,500,after,5,1,elapsed_ms,1.7404,1.6157,1.8540
4a05e1971a449b1a8db2a9bd2181e9e7c58e0a06,268,200,500,after,5,1,health_extension_calls,12500.0000,12500.0000,12500.0000
4a05e1971a449b1a8db2a9bd2181e9e7c58e0a06,268,200,500,after,5,1,game_session_field_reads,25000.0000,25000.0000,25000.0000
4a05e1971a449b1a8db2a9bd2181e9e7c58e0a06,268,200,500,after,5,1,current_health_reads,12500.0000,12500.0000,12500.0000
4a05e1971a449b1a8db2a9bd2181e9e7c58e0a06,268,200,500,after,5,1,damage_taken_reads,0.0000,0.0000,0.0000
4a05e1971a449b1a8db2a9bd2181e9e7c58e0a06,268,200,500,after,5,1,max_health_reads,0.0000,0.0000,0.0000
4a05e1971a449b1a8db2a9bd2181e9e7c58e0a06,268,200,500,after,5,1,player_scans,0.0000,0.0000,0.0000
4a05e1971a449b1a8db2a9bd2181e9e7c58e0a06,268,200,500,after,5,1,owner_lookups,500.0000,500.0000,500.0000
4a05e1971a449b1a8db2a9bd2181e9e7c58e0a06,268,200,500,after,5,1,format_calls,40.0000,40.0000,40.0000
4a05e1971a449b1a8db2a9bd2181e9e7c58e0a06,268,200,500,after,5,1,hud_rebuilds,0.0000,0.0000,0.0000
4a05e1971a449b1a8db2a9bd2181e9e7c58e0a06,268,200,500,after,5,1,tracked_before_cleanup,200.0000,200.0000,200.0000
4a05e1971a449b1a8db2a9bd2181e9e7c58e0a06,268,200,500,after,5,1,tracked_after_cleanup,0.0000,0.0000,0.0000
4a05e1971a449b1a8db2a9bd2181e9e7c58e0a06,268,200,500,after,5,1,memory_delta_kb,492.7988,483.0957,497.5488
