baseline_ref,run_id,seed,units,attack_events,series,variant,metric,samples,avg,min,median,max
4a05e1971a449b1a8db2a9bd2181e9e7c58e0a06,20261010-150953-142006515565,268,0,0,variant,baseline,elapsed_ms,12,0.145116663,0.032999989,0.155450005,0.236099993
4a05e1971a449b1a8db2a9bd2181e9e7c58e0a06,20261010-150953-142006515565,268,0,0,variant,baseline,health_extension_calls,12,0.000000000,0.000000000,0.000000000,0.000000000
4a05e1971a449b1a8db2a9bd2181e9e7c58e0a06,20261010-150953-142006515565,268,0,0,variant,baseline,game_session_field_reads,12,0.000000000,0.000000000,0.000000000,0.000000000
4a05e1971a449b1a8db2a9bd2181e9e7c58e0a06,20261010-150953-142006515565,268,0,0,variant,baseline,current_health_reads,12,0.000000000,0.000000000,0.000000000,0.000000000
4a05e1971a449b1a8db2a9bd2181e9e7c58e0a06,20261010-150953-142006515565,268,0,0,variant,baseline,damage_taken_reads,12,0.000000000,0.000000000,0.000000000,0.000000000
4a05e1971a449b1a8db2a9bd2181e9e7c58e0a06,20261010-150953-142006515565,268,0,0,variant,baseline,max_health_reads,12,0.000000000,0.000000000,0.000000000,0.000000000
4a05e1971a449b1a8db2a9bd2181e9e7c58e0a06,20261010-150953-142006515565,268,0,0,variant,baseline,player_scans,12,0.000000000,0.000000000,0.000000000,0.000000000
4a05e1971a449b1a8db2a9bd2181e9e7c58e0a06,20261010-150953-142006515565,268,0,0,variant,baseline,owner_lookups,12,0.000000000,0.000000000,0.000000000,0.000000000
4a05e1971a449b1a8db2a9bd2181e9e7c58e0a06,20261010-150953-142006515565,268,0,0,variant,baseline,format_calls,12,240.000000000,240.000000000,240.000000000,240.000000000
4a05e1971a449b1a8db2a9bd2181e9e7c58e0a06,20261010-150953-142006515565,268,0,0,variant,baseline,hud_rebuilds,12,21.000000000,21.000000000,21.000000000,21.000000000
4a05e1971a449b1a8db2a9bd2181e9e7c58e0a06,20261010-150953-142006515565,268,0,0,variant,baseline,tracked_before_cleanup,12,0.000000000,0.000000000,0.000000000,0.000000000
4a05e1971a449b1a8db2a9bd2181e9e7c58e0a06,20261010-150953-142006515565,268,0,0,variant,baseline,tracked_after_cleanup,12,0.000000000,0.000000000,0.000000000,0.000000000
4a05e1971a449b1a8db2a9bd2181e9e7c58e0a06,20261010-150953-142006515565,268,0,0,variant,baseline,memory_delta_kb,12,112.913085938,110.181640625,112.673828125,116.123046875
4a05e1971a449b1a8db2a9bd2181e9e7c58e0a06,20261010-150953-142006515565,268,0,0,variant,after,elapsed_ms,12,0.227349997,0.070799986,0.214849992,0.358499994
4a05e1971a449b1a8db2a9bd2181e9e7c58e0a06,20261010-150953-142006515565,268,0,0,variant,after,health_extension_calls,12,0.000000000,0.000000000,0.000000000,0.000000000
4a05e1971a449b1a8db2a9bd2181e9e7c58e0a06,20261010-150953-142006515565,268,0,0,variant,after,game_session_field_reads,12,0.000000000,0.000000000,0.000000000,0.000000000
4a05e1971a449b1a8db2a9bd2181e9e7c58e0a06,20261010-150953-142006515565,268,0,0,variant,after,current_health_reads,12,0.000000000,0.000000000,0.000000000,0.000000000
4a05e1971a449b1a8db2a9bd2181e9e7c58e0a06,20261010-150953-142006515565,268,0,0,variant,after,damage_taken_reads,12,0.000000000,0.000000000,0.000000000,0.000000000
4a05e1971a449b1a8db2a9bd2181e9e7c58e0a06,20261010-150953-142006515565,268,0,0,variant,after,max_health_reads,12,0.000000000,0.000000000,0.000000000,0.000000000
4a05e1971a449b1a8db2a9bd2181e9e7c58e0a06,20261010-150953-142006515565,268,0,0,variant,after,player_scans,12,0.000000000,0.000000000,0.000000000,0.000000000
4a05e1971a449b1a8db2a9bd2181e9e7c58e0a06,20261010-150953-142006515565,268,0,0,variant,after,owner_lookups,12,0.000000000,0.000000000,0.000000000,0.000000000
4a05e1971a449b1a8db2a9bd2181e9e7c58e0a06,20261010-150953-142006515565,268,0,0,variant,after,format_calls,12,40.000000000,40.000000000,40.000000000,40.000000000
4a05e1971a449b1a8db2a9bd2181e9e7c58e0a06,20261010-150953-142006515565,268,0,0,variant,after,hud_rebuilds,12,0.000000000,0.000000000,0.000000000,0.000000000
4a05e1971a449b1a8db2a9bd2181e9e7c58e0a06,20261010-150953-142006515565,268,0,0,variant,after,tracked_before_cleanup,12,0.000000000,0.000000000,0.000000000,0.000000000
4a05e1971a449b1a8db2a9bd2181e9e7c58e0a06,20261010-150953-142006515565,268,0,0,variant,after,tracked_after_cleanup,12,0.000000000,0.000000000,0.000000000,0.000000000
4a05e1971a449b1a8db2a9bd2181e9e7c58e0a06,20261010-150953-142006515565,268,0,0,variant,after,memory_delta_kb,12,128.804687500,125.771484375,128.541015625,132.544921875
4a05e1971a449b1a8db2a9bd2181e9e7c58e0a06,20261010-150953-142006515565,268,0,0,paired_difference,after_minus_baseline,elapsed_ms,12,0.082233334,-0.132500019,0.082800019,0.325500005
4a05e1971a449b1a8db2a9bd2181e9e7c58e0a06,20261010-150953-142006515565,268,0,100,variant,baseline,elapsed_ms,12,0.198124998,0.099099998,0.196149995,0.319799990
4a05e1971a449b1a8db2a9bd2181e9e7c58e0a06,20261010-150953-142006515565,268,0,100,variant,baseline,health_extension_calls,12,0.000000000,0.000000000,0.000000000,0.000000000
4a05e1971a449b1a8db2a9bd2181e9e7c58e0a06,20261010-150953-142006515565,268,0,100,variant,baseline,game_session_field_reads,12,0.000000000,0.000000000,0.000000000,0.000000000
4a05e1971a449b1a8db2a9bd2181e9e7c58e0a06,20261010-150953-142006515565,268,0,100,variant,baseline,current_health_reads,12,0.000000000,0.000000000,0.000000000,0.000000000
4a05e1971a449b1a8db2a9bd2181e9e7c58e0a06,20261010-150953-142006515565,268,0,100,variant,baseline,damage_taken_reads,12,0.000000000,0.000000000,0.000000000,0.000000000
4a05e1971a449b1a8db2a9bd2181e9e7c58e0a06,20261010-150953-142006515565,268,0,100,variant,baseline,max_health_reads,12,0.000000000,0.000000000,0.000000000,0.000000000
4a05e1971a449b1a8db2a9bd2181e9e7c58e0a06,20261010-150953-142006515565,268,0,100,variant,baseline,player_scans,12,100.000000000,100.000000000,100.000000000,100.000000000
4a05e1971a449b1a8db2a9bd2181e9e7c58e0a06,20261010-150953-142006515565,268,0,100,variant,baseline,owner_lookups,12,0.000000000,0.000000000,0.000000000,0.000000000
4a05e1971a449b1a8db2a9bd2181e9e7c58e0a06,20261010-150953-142006515565,268,0,100,variant,baseline,format_calls,12,240.000000000,240.000000000,240.000000000,240.000000000
4a05e1971a449b1a8db2a9bd2181e9e7c58e0a06,20261010-150953-142006515565,268,0,100,variant,baseline,hud_rebuilds,12,21.000000000,21.000000000,21.000000000,21.000000000
4a05e1971a449b1a8db2a9bd2181e9e7c58e0a06,20261010-150953-142006515565,268,0,100,variant,baseline,tracked_before_cleanup,12,0.000000000,0.000000000,0.000000000,0.000000000
4a05e1971a449b1a8db2a9bd2181e9e7c58e0a06,20261010-150953-142006515565,268,0,100,variant,baseline,tracked_after_cleanup,12,0.000000000,0.000000000,0.000000000,0.000000000
4a05e1971a449b1a8db2a9bd2181e9e7c58e0a06,20261010-150953-142006515565,268,0,100,variant,baseline,memory_delta_kb,12,209.516601563,140.978515625,209.708984375,278.306640625
4a05e1971a449b1a8db2a9bd2181e9e7c58e0a06,20261010-150953-142006515565,268,0,100,variant,after,elapsed_ms,12,0.306791665,0.098400022,0.312250006,0.596600003
4a05e1971a449b1a8db2a9bd2181e9e7c58e0a06,20261010-150953-142006515565,268,0,100,variant,after,health_extension_calls,12,0.000000000,0.000000000,0.000000000,0.000000000
4a05e1971a449b1a8db2a9bd2181e9e7c58e0a06,20261010-150953-142006515565,268,0,100,variant,after,game_session_field_reads,12,0.000000000,0.000000000,0.000000000,0.000000000
4a05e1971a449b1a8db2a9bd2181e9e7c58e0a06,20261010-150953-142006515565,268,0,100,variant,after,current_health_reads,12,0.000000000,0.000000000,0.000000000,0.000000000
4a05e1971a449b1a8db2a9bd2181e9e7c58e0a06,20261010-150953-142006515565,268,0,100,variant,after,damage_taken_reads,12,0.000000000,0.000000000,0.000000000,0.000000000
4a05e1971a449b1a8db2a9bd2181e9e7c58e0a06,20261010-150953-142006515565,268,0,100,variant,after,max_health_reads,12,0.000000000,0.000000000,0.000000000,0.000000000
4a05e1971a449b1a8db2a9bd2181e9e7c58e0a06,20261010-150953-142006515565,268,0,100,variant,after,player_scans,12,0.000000000,0.000000000,0.000000000,0.000000000
4a05e1971a449b1a8db2a9bd2181e9e7c58e0a06,20261010-150953-142006515565,268,0,100,variant,after,owner_lookups,12,0.000000000,0.000000000,0.000000000,0.000000000
4a05e1971a449b1a8db2a9bd2181e9e7c58e0a06,20261010-150953-142006515565,268,0,100,variant,after,format_calls,12,40.000000000,40.000000000,40.000000000,40.000000000
4a05e1971a449b1a8db2a9bd2181e9e7c58e0a06,20261010-150953-142006515565,268,0,100,variant,after,hud_rebuilds,12,0.000000000,0.000000000,0.000000000,0.000000000
4a05e1971a449b1a8db2a9bd2181e9e7c58e0a06,20261010-150953-142006515565,268,0,100,variant,after,tracked_before_cleanup,12,0.000000000,0.000000000,0.000000000,0.000000000
4a05e1971a449b1a8db2a9bd2181e9e7c58e0a06,20261010-150953-142006515565,268,0,100,variant,after,tracked_after_cleanup,12,0.000000000,0.000000000,0.000000000,0.000000000
4a05e1971a449b1a8db2a9bd2181e9e7c58e0a06,20261010-150953-142006515565,268,0,100,variant,after,memory_delta_kb,12,215.513671875,151.517578125,215.576171875,280.197265625
4a05e1971a449b1a8db2a9bd2181e9e7c58e0a06,20261010-150953-142006515565,268,0,100,paired_difference,after_minus_baseline,elapsed_ms,12,0.108666667,-0.157400005,0.108349996,0.427200022
4a05e1971a449b1a8db2a9bd2181e9e7c58e0a06,20261010-150953-142006515565,268,0,500,variant,baseline,elapsed_ms,12,0.684241672,0.501800008,0.647050008,0.961499987
4a05e1971a449b1a8db2a9bd2181e9e7c58e0a06,20261010-150953-142006515565,268,0,500,variant,baseline,health_extension_calls,12,0.000000000,0.000000000,0.000000000,0.000000000
4a05e1971a449b1a8db2a9bd2181e9e7c58e0a06,20261010-150953-142006515565,268,0,500,variant,baseline,game_session_field_reads,12,0.000000000,0.000000000,0.000000000,0.000000000
4a05e1971a449b1a8db2a9bd2181e9e7c58e0a06,20261010-150953-142006515565,268,0,500,variant,baseline,current_health_reads,12,0.000000000,0.000000000,0.000000000,0.000000000
4a05e1971a449b1a8db2a9bd2181e9e7c58e0a06,20261010-150953-142006515565,268,0,500,variant,baseline,damage_taken_reads,12,0.000000000,0.000000000,0.000000000,0.000000000
4a05e1971a449b1a8db2a9bd2181e9e7c58e0a06,20261010-150953-142006515565,268,0,500,variant,baseline,max_health_reads,12,0.000000000,0.000000000,0.000000000,0.000000000
4a05e1971a449b1a8db2a9bd2181e9e7c58e0a06,20261010-150953-142006515565,268,0,500,variant,baseline,player_scans,12,500.000000000,500.000000000,500.000000000,500.000000000
4a05e1971a449b1a8db2a9bd2181e9e7c58e0a06,20261010-150953-142006515565,268,0,500,variant,baseline,owner_lookups,12,0.000000000,0.000000000,0.000000000,0.000000000
4a05e1971a449b1a8db2a9bd2181e9e7c58e0a06,20261010-150953-142006515565,268,0,500,variant,baseline,format_calls,12,240.000000000,240.000000000,240.000000000,240.000000000
4a05e1971a449b1a8db2a9bd2181e9e7c58e0a06,20261010-150953-142006515565,268,0,500,variant,baseline,hud_rebuilds,12,21.000000000,21.000000000,21.000000000,21.000000000
4a05e1971a449b1a8db2a9bd2181e9e7c58e0a06,20261010-150953-142006515565,268,0,500,variant,baseline,tracked_before_cleanup,12,0.000000000,0.000000000,0.000000000,0.000000000
4a05e1971a449b1a8db2a9bd2181e9e7c58e0a06,20261010-150953-142006515565,268,0,500,variant,baseline,tracked_after_cleanup,12,0.000000000,0.000000000,0.000000000,0.000000000
4a05e1971a449b1a8db2a9bd2181e9e7c58e0a06,20261010-150953-142006515565,268,0,500,variant,baseline,memory_delta_kb,12,1391.444986979,993.865234375,1395.427734375,1740.791015625
4a05e1971a449b1a8db2a9bd2181e9e7c58e0a06,20261010-150953-142006515565,268,0,500,variant,after,elapsed_ms,12,0.521350000,0.314299978,0.479850001,0.768099999
4a05e1971a449b1a8db2a9bd2181e9e7c58e0a06,20261010-150953-142006515565,268,0,500,variant,after,health_extension_calls,12,0.000000000,0.000000000,0.000000000,0.000000000
4a05e1971a449b1a8db2a9bd2181e9e7c58e0a06,20261010-150953-142006515565,268,0,500,variant,after,game_session_field_reads,12,0.000000000,0.000000000,0.000000000,0.000000000
4a05e1971a449b1a8db2a9bd2181e9e7c58e0a06,20261010-150953-142006515565,268,0,500,variant,after,current_health_reads,12,0.000000000,0.000000000,0.000000000,0.000000000
4a05e1971a449b1a8db2a9bd2181e9e7c58e0a06,20261010-150953-142006515565,268,0,500,variant,after,damage_taken_reads,12,0.000000000,0.000000000,0.000000000,0.000000000
4a05e1971a449b1a8db2a9bd2181e9e7c58e0a06,20261010-150953-142006515565,268,0,500,variant,after,max_health_reads,12,0.000000000,0.000000000,0.000000000,0.000000000
4a05e1971a449b1a8db2a9bd2181e9e7c58e0a06,20261010-150953-142006515565,268,0,500,variant,after,player_scans,12,0.000000000,0.000000000,0.000000000,0.000000000
4a05e1971a449b1a8db2a9bd2181e9e7c58e0a06,20261010-150953-142006515565,268,0,500,variant,after,owner_lookups,12,0.000000000,0.000000000,0.000000000,0.000000000
4a05e1971a449b1a8db2a9bd2181e9e7c58e0a06,20261010-150953-142006515565,268,0,500,variant,after,format_calls,12,40.000000000,40.000000000,40.000000000,40.000000000
4a05e1971a449b1a8db2a9bd2181e9e7c58e0a06,20261010-150953-142006515565,268,0,500,variant,after,hud_rebuilds,12,0.000000000,0.000000000,0.000000000,0.000000000
4a05e1971a449b1a8db2a9bd2181e9e7c58e0a06,20261010-150953-142006515565,268,0,500,variant,after,tracked_before_cleanup,12,0.000000000,0.000000000,0.000000000,0.000000000
4a05e1971a449b1a8db2a9bd2181e9e7c58e0a06,20261010-150953-142006515565,268,0,500,variant,after,tracked_after_cleanup,12,0.000000000,0.000000000,0.000000000,0.000000000
4a05e1971a449b1a8db2a9bd2181e9e7c58e0a06,20261010-150953-142006515565,268,0,500,variant,after,memory_delta_kb,12,1440.706705729,1128.623046875,1442.275390625,1753.287109375
4a05e1971a449b1a8db2a9bd2181e9e7c58e0a06,20261010-150953-142006515565,268,0,500,paired_difference,after_minus_baseline,elapsed_ms,12,-0.162891673,-0.342599989,-0.152900000,-0.016500009
4a05e1971a449b1a8db2a9bd2181e9e7c58e0a06,20261010-150953-142006515565,268,50,0,variant,baseline,elapsed_ms,12,0.228099998,0.108999986,0.241100017,0.380299985
4a05e1971a449b1a8db2a9bd2181e9e7c58e0a06,20261010-150953-142006515565,268,50,0,variant,baseline,health_extension_calls,12,3000.000000000,3000.000000000,3000.000000000,3000.000000000
4a05e1971a449b1a8db2a9bd2181e9e7c58e0a06,20261010-150953-142006515565,268,50,0,variant,baseline,game_session_field_reads,12,6000.000000000,6000.000000000,6000.000000000,6000.000000000
4a05e1971a449b1a8db2a9bd2181e9e7c58e0a06,20261010-150953-142006515565,268,50,0,variant,baseline,current_health_reads,12,3000.000000000,3000.000000000,3000.000000000,3000.000000000
4a05e1971a449b1a8db2a9bd2181e9e7c58e0a06,20261010-150953-142006515565,268,50,0,variant,baseline,damage_taken_reads,12,0.000000000,0.000000000,0.000000000,0.000000000
4a05e1971a449b1a8db2a9bd2181e9e7c58e0a06,20261010-150953-142006515565,268,50,0,variant,baseline,max_health_reads,12,0.000000000,0.000000000,0.000000000,0.000000000
4a05e1971a449b1a8db2a9bd2181e9e7c58e0a06,20261010-150953-142006515565,268,50,0,variant,baseline,player_scans,12,0.000000000,0.000000000,0.000000000,0.000000000
4a05e1971a449b1a8db2a9bd2181e9e7c58e0a06,20261010-150953-142006515565,268,50,0,variant,baseline,owner_lookups,12,0.000000000,0.000000000,0.000000000,0.000000000
4a05e1971a449b1a8db2a9bd2181e9e7c58e0a06,20261010-150953-142006515565,268,50,0,variant,baseline,format_calls,12,240.000000000,240.000000000,240.000000000,240.000000000
4a05e1971a449b1a8db2a9bd2181e9e7c58e0a06,20261010-150953-142006515565,268,50,0,variant,baseline,hud_rebuilds,12,21.000000000,21.000000000,21.000000000,21.000000000
4a05e1971a449b1a8db2a9bd2181e9e7c58e0a06,20261010-150953-142006515565,268,50,0,variant,baseline,tracked_before_cleanup,12,50.000000000,50.000000000,50.000000000,50.000000000
4a05e1971a449b1a8db2a9bd2181e9e7c58e0a06,20261010-150953-142006515565,268,50,0,variant,baseline,tracked_after_cleanup,12,50.000000000,50.000000000,50.000000000,50.000000000
4a05e1971a449b1a8db2a9bd2181e9e7c58e0a06,20261010-150953-142006515565,268,50,0,variant,baseline,memory_delta_kb,12,156.033203125,153.263671875,155.474609375,161.865234375
4a05e1971a449b1a8db2a9bd2181e9e7c58e0a06,20261010-150953-142006515565,268,50,0,variant,after,elapsed_ms,12,0.262099997,0.091599999,0.263299997,0.401300000
4a05e1971a449b1a8db2a9bd2181e9e7c58e0a06,20261010-150953-142006515565,268,50,0,variant,after,health_extension_calls,12,3000.000000000,3000.000000000,3000.000000000,3000.000000000
4a05e1971a449b1a8db2a9bd2181e9e7c58e0a06,20261010-150953-142006515565,268,50,0,variant,after,game_session_field_reads,12,6000.000000000,6000.000000000,6000.000000000,6000.000000000
4a05e1971a449b1a8db2a9bd2181e9e7c58e0a06,20261010-150953-142006515565,268,50,0,variant,after,current_health_reads,12,3000.000000000,3000.000000000,3000.000000000,3000.000000000
4a05e1971a449b1a8db2a9bd2181e9e7c58e0a06,20261010-150953-142006515565,268,50,0,variant,after,damage_taken_reads,12,0.000000000,0.000000000,0.000000000,0.000000000
4a05e1971a449b1a8db2a9bd2181e9e7c58e0a06,20261010-150953-142006515565,268,50,0,variant,after,max_health_reads,12,0.000000000,0.000000000,0.000000000,0.000000000
4a05e1971a449b1a8db2a9bd2181e9e7c58e0a06,20261010-150953-142006515565,268,50,0,variant,after,player_scans,12,0.000000000,0.000000000,0.000000000,0.000000000
4a05e1971a449b1a8db2a9bd2181e9e7c58e0a06,20261010-150953-142006515565,268,50,0,variant,after,owner_lookups,12,0.000000000,0.000000000,0.000000000,0.000000000
4a05e1971a449b1a8db2a9bd2181e9e7c58e0a06,20261010-150953-142006515565,268,50,0,variant,after,format_calls,12,40.000000000,40.000000000,40.000000000,40.000000000
4a05e1971a449b1a8db2a9bd2181e9e7c58e0a06,20261010-150953-142006515565,268,50,0,variant,after,hud_rebuilds,12,0.000000000,0.000000000,0.000000000,0.000000000
4a05e1971a449b1a8db2a9bd2181e9e7c58e0a06,20261010-150953-142006515565,268,50,0,variant,after,tracked_before_cleanup,12,50.000000000,50.000000000,50.000000000,50.000000000
4a05e1971a449b1a8db2a9bd2181e9e7c58e0a06,20261010-150953-142006515565,268,50,0,variant,after,tracked_after_cleanup,12,0.000000000,0.000000000,0.000000000,0.000000000
4a05e1971a449b1a8db2a9bd2181e9e7c58e0a06,20261010-150953-142006515565,268,50,0,variant,after,memory_delta_kb,12,180.488932292,159.603515625,183.386718750,187.537109375
4a05e1971a449b1a8db2a9bd2181e9e7c58e0a06,20261010-150953-142006515565,268,50,0,paired_difference,after_minus_baseline,elapsed_ms,12,0.033999999,-0.111300003,0.048250018,0.169999985
4a05e1971a449b1a8db2a9bd2181e9e7c58e0a06,20261010-150953-142006515565,268,50,100,variant,baseline,elapsed_ms,12,0.698916667,0.424400001,0.689299995,0.993000023
4a05e1971a449b1a8db2a9bd2181e9e7c58e0a06,20261010-150953-142006515565,268,50,100,variant,baseline,health_extension_calls,12,3300.000000000,3300.000000000,3300.000000000,3300.000000000
4a05e1971a449b1a8db2a9bd2181e9e7c58e0a06,20261010-150953-142006515565,268,50,100,variant,baseline,game_session_field_reads,12,6400.000000000,6400.000000000,6400.000000000,6400.000000000
4a05e1971a449b1a8db2a9bd2181e9e7c58e0a06,20261010-150953-142006515565,268,50,100,variant,baseline,current_health_reads,12,3100.000000000,3100.000000000,3100.000000000,3100.000000000
4a05e1971a449b1a8db2a9bd2181e9e7c58e0a06,20261010-150953-142006515565,268,50,100,variant,baseline,damage_taken_reads,12,100.000000000,100.000000000,100.000000000,100.000000000
4a05e1971a449b1a8db2a9bd2181e9e7c58e0a06,20261010-150953-142006515565,268,50,100,variant,baseline,max_health_reads,12,100.000000000,100.000000000,100.000000000,100.000000000
4a05e1971a449b1a8db2a9bd2181e9e7c58e0a06,20261010-150953-142006515565,268,50,100,variant,baseline,player_scans,12,100.000000000,100.000000000,100.000000000,100.000000000
4a05e1971a449b1a8db2a9bd2181e9e7c58e0a06,20261010-150953-142006515565,268,50,100,variant,baseline,owner_lookups,12,0.000000000,0.000000000,0.000000000,0.000000000
4a05e1971a449b1a8db2a9bd2181e9e7c58e0a06,20261010-150953-142006515565,268,50,100,variant,baseline,format_calls,12,240.000000000,240.000000000,240.000000000,240.000000000
4a05e1971a449b1a8db2a9bd2181e9e7c58e0a06,20261010-150953-142006515565,268,50,100,variant,baseline,hud_rebuilds,12,21.000000000,21.000000000,21.000000000,21.000000000
4a05e1971a449b1a8db2a9bd2181e9e7c58e0a06,20261010-150953-142006515565,268,50,100,variant,baseline,tracked_before_cleanup,12,50.000000000,50.000000000,50.000000000,50.000000000
4a05e1971a449b1a8db2a9bd2181e9e7c58e0a06,20261010-150953-142006515565,268,50,100,variant,baseline,tracked_after_cleanup,12,50.000000000,50.000000000,50.000000000,50.000000000
4a05e1971a449b1a8db2a9bd2181e9e7c58e0a06,20261010-150953-142006515565,268,50,100,variant,baseline,memory_delta_kb,12,193.994791667,188.751953125,191.763671875,210.232421875
4a05e1971a449b1a8db2a9bd2181e9e7c58e0a06,20261010-150953-142006515565,268,50,100,variant,after,elapsed_ms,12,0.636508337,0.378500001,0.608100003,0.948200002
4a05e1971a449b1a8db2a9bd2181e9e7c58e0a06,20261010-150953-142006515565,268,50,100,variant,after,health_extension_calls,12,3100.000000000,3100.000000000,3100.000000000,3100.000000000
4a05e1971a449b1a8db2a9bd2181e9e7c58e0a06,20261010-150953-142006515565,268,50,100,variant,after,game_session_field_reads,12,6200.000000000,6200.000000000,6200.000000000,6200.000000000
4a05e1971a449b1a8db2a9bd2181e9e7c58e0a06,20261010-150953-142006515565,268,50,100,variant,after,current_health_reads,12,3100.000000000,3100.000000000,3100.000000000,3100.000000000
4a05e1971a449b1a8db2a9bd2181e9e7c58e0a06,20261010-150953-142006515565,268,50,100,variant,after,damage_taken_reads,12,0.000000000,0.000000000,0.000000000,0.000000000
4a05e1971a449b1a8db2a9bd2181e9e7c58e0a06,20261010-150953-142006515565,268,50,100,variant,after,max_health_reads,12,0.000000000,0.000000000,0.000000000,0.000000000
4a05e1971a449b1a8db2a9bd2181e9e7c58e0a06,20261010-150953-142006515565,268,50,100,variant,after,player_scans,12,0.000000000,0.000000000,0.000000000,0.000000000
4a05e1971a449b1a8db2a9bd2181e9e7c58e0a06,20261010-150953-142006515565,268,50,100,variant,after,owner_lookups,12,100.000000000,100.000000000,100.000000000,100.000000000
4a05e1971a449b1a8db2a9bd2181e9e7c58e0a06,20261010-150953-142006515565,268,50,100,variant,after,format_calls,12,40.000000000,40.000000000,40.000000000,40.000000000
4a05e1971a449b1a8db2a9bd2181e9e7c58e0a06,20261010-150953-142006515565,268,50,100,variant,after,hud_rebuilds,12,0.000000000,0.000000000,0.000000000,0.000000000
4a05e1971a449b1a8db2a9bd2181e9e7c58e0a06,20261010-150953-142006515565,268,50,100,variant,after,tracked_before_cleanup,12,50.000000000,50.000000000,50.000000000,50.000000000
4a05e1971a449b1a8db2a9bd2181e9e7c58e0a06,20261010-150953-142006515565,268,50,100,variant,after,tracked_after_cleanup,12,0.000000000,0.000000000,0.000000000,0.000000000
4a05e1971a449b1a8db2a9bd2181e9e7c58e0a06,20261010-150953-142006515565,268,50,100,variant,after,memory_delta_kb,12,218.731445313,204.650390625,219.570312500,235.873046875
4a05e1971a449b1a8db2a9bd2181e9e7c58e0a06,20261010-150953-142006515565,268,50,100,paired_difference,after_minus_baseline,elapsed_ms,12,-0.062408331,-0.594500016,-0.063300002,0.515899999
4a05e1971a449b1a8db2a9bd2181e9e7c58e0a06,20261010-150953-142006515565,268,50,500,variant,baseline,elapsed_ms,12,0.835583332,0.539100001,0.833350001,1.357900008
4a05e1971a449b1a8db2a9bd2181e9e7c58e0a06,20261010-150953-142006515565,268,50,500,variant,baseline,health_extension_calls,12,4500.000000000,4500.000000000,4500.000000000,4500.000000000
4a05e1971a449b1a8db2a9bd2181e9e7c58e0a06,20261010-150953-142006515565,268,50,500,variant,baseline,game_session_field_reads,12,8000.000000000,8000.000000000,8000.000000000,8000.000000000
4a05e1971a449b1a8db2a9bd2181e9e7c58e0a06,20261010-150953-142006515565,268,50,500,variant,baseline,current_health_reads,12,3500.000000000,3500.000000000,3500.000000000,3500.000000000
4a05e1971a449b1a8db2a9bd2181e9e7c58e0a06,20261010-150953-142006515565,268,50,500,variant,baseline,damage_taken_reads,12,500.000000000,500.000000000,500.000000000,500.000000000
4a05e1971a449b1a8db2a9bd2181e9e7c58e0a06,20261010-150953-142006515565,268,50,500,variant,baseline,max_health_reads,12,500.000000000,500.000000000,500.000000000,500.000000000
4a05e1971a449b1a8db2a9bd2181e9e7c58e0a06,20261010-150953-142006515565,268,50,500,variant,baseline,player_scans,12,500.000000000,500.000000000,500.000000000,500.000000000
4a05e1971a449b1a8db2a9bd2181e9e7c58e0a06,20261010-150953-142006515565,268,50,500,variant,baseline,owner_lookups,12,0.000000000,0.000000000,0.000000000,0.000000000
4a05e1971a449b1a8db2a9bd2181e9e7c58e0a06,20261010-150953-142006515565,268,50,500,variant,baseline,format_calls,12,240.000000000,240.000000000,240.000000000,240.000000000
4a05e1971a449b1a8db2a9bd2181e9e7c58e0a06,20261010-150953-142006515565,268,50,500,variant,baseline,hud_rebuilds,12,21.000000000,21.000000000,21.000000000,21.000000000
4a05e1971a449b1a8db2a9bd2181e9e7c58e0a06,20261010-150953-142006515565,268,50,500,variant,baseline,tracked_before_cleanup,12,50.000000000,50.000000000,50.000000000,50.000000000
4a05e1971a449b1a8db2a9bd2181e9e7c58e0a06,20261010-150953-142006515565,268,50,500,variant,baseline,tracked_after_cleanup,12,50.000000000,50.000000000,50.000000000,50.000000000
4a05e1971a449b1a8db2a9bd2181e9e7c58e0a06,20261010-150953-142006515565,268,50,500,variant,baseline,memory_delta_kb,12,330.589843750,325.044921875,330.517578125,334.607421875
4a05e1971a449b1a8db2a9bd2181e9e7c58e0a06,20261010-150953-142006515565,268,50,500,variant,after,elapsed_ms,12,0.821966666,0.493000000,0.823399998,1.063799980
4a05e1971a449b1a8db2a9bd2181e9e7c58e0a06,20261010-150953-142006515565,268,50,500,variant,after,health_extension_calls,12,3500.000000000,3500.000000000,3500.000000000,3500.000000000
4a05e1971a449b1a8db2a9bd2181e9e7c58e0a06,20261010-150953-142006515565,268,50,500,variant,after,game_session_field_reads,12,7000.000000000,7000.000000000,7000.000000000,7000.000000000
4a05e1971a449b1a8db2a9bd2181e9e7c58e0a06,20261010-150953-142006515565,268,50,500,variant,after,current_health_reads,12,3500.000000000,3500.000000000,3500.000000000,3500.000000000
4a05e1971a449b1a8db2a9bd2181e9e7c58e0a06,20261010-150953-142006515565,268,50,500,variant,after,damage_taken_reads,12,0.000000000,0.000000000,0.000000000,0.000000000
4a05e1971a449b1a8db2a9bd2181e9e7c58e0a06,20261010-150953-142006515565,268,50,500,variant,after,max_health_reads,12,0.000000000,0.000000000,0.000000000,0.000000000
4a05e1971a449b1a8db2a9bd2181e9e7c58e0a06,20261010-150953-142006515565,268,50,500,variant,after,player_scans,12,0.000000000,0.000000000,0.000000000,0.000000000
4a05e1971a449b1a8db2a9bd2181e9e7c58e0a06,20261010-150953-142006515565,268,50,500,variant,after,owner_lookups,12,500.000000000,500.000000000,500.000000000,500.000000000
4a05e1971a449b1a8db2a9bd2181e9e7c58e0a06,20261010-150953-142006515565,268,50,500,variant,after,format_calls,12,40.000000000,40.000000000,40.000000000,40.000000000
4a05e1971a449b1a8db2a9bd2181e9e7c58e0a06,20261010-150953-142006515565,268,50,500,variant,after,hud_rebuilds,12,0.000000000,0.000000000,0.000000000,0.000000000
4a05e1971a449b1a8db2a9bd2181e9e7c58e0a06,20261010-150953-142006515565,268,50,500,variant,after,tracked_before_cleanup,12,50.000000000,50.000000000,50.000000000,50.000000000
4a05e1971a449b1a8db2a9bd2181e9e7c58e0a06,20261010-150953-142006515565,268,50,500,variant,after,tracked_after_cleanup,12,0.000000000,0.000000000,0.000000000,0.000000000
4a05e1971a449b1a8db2a9bd2181e9e7c58e0a06,20261010-150953-142006515565,268,50,500,variant,after,memory_delta_kb,12,360.408854167,353.349609375,360.558593750,370.064453125
4a05e1971a449b1a8db2a9bd2181e9e7c58e0a06,20261010-150953-142006515565,268,50,500,paired_difference,after_minus_baseline,elapsed_ms,12,-0.013616666,-0.410300010,0.032650016,0.230700010
4a05e1971a449b1a8db2a9bd2181e9e7c58e0a06,20261010-150953-142006515565,268,200,0,variant,baseline,elapsed_ms,12,0.343899999,0.222000002,0.301549997,0.770499988
4a05e1971a449b1a8db2a9bd2181e9e7c58e0a06,20261010-150953-142006515565,268,200,0,variant,baseline,health_extension_calls,12,12000.000000000,12000.000000000,12000.000000000,12000.000000000
4a05e1971a449b1a8db2a9bd2181e9e7c58e0a06,20261010-150953-142006515565,268,200,0,variant,baseline,game_session_field_reads,12,24000.000000000,24000.000000000,24000.000000000,24000.000000000
4a05e1971a449b1a8db2a9bd2181e9e7c58e0a06,20261010-150953-142006515565,268,200,0,variant,baseline,current_health_reads,12,12000.000000000,12000.000000000,12000.000000000,12000.000000000
4a05e1971a449b1a8db2a9bd2181e9e7c58e0a06,20261010-150953-142006515565,268,200,0,variant,baseline,damage_taken_reads,12,0.000000000,0.000000000,0.000000000,0.000000000
4a05e1971a449b1a8db2a9bd2181e9e7c58e0a06,20261010-150953-142006515565,268,200,0,variant,baseline,max_health_reads,12,0.000000000,0.000000000,0.000000000,0.000000000
4a05e1971a449b1a8db2a9bd2181e9e7c58e0a06,20261010-150953-142006515565,268,200,0,variant,baseline,player_scans,12,0.000000000,0.000000000,0.000000000,0.000000000
4a05e1971a449b1a8db2a9bd2181e9e7c58e0a06,20261010-150953-142006515565,268,200,0,variant,baseline,owner_lookups,12,0.000000000,0.000000000,0.000000000,0.000000000
4a05e1971a449b1a8db2a9bd2181e9e7c58e0a06,20261010-150953-142006515565,268,200,0,variant,baseline,format_calls,12,240.000000000,240.000000000,240.000000000,240.000000000
4a05e1971a449b1a8db2a9bd2181e9e7c58e0a06,20261010-150953-142006515565,268,200,0,variant,baseline,hud_rebuilds,12,21.000000000,21.000000000,21.000000000,21.000000000
4a05e1971a449b1a8db2a9bd2181e9e7c58e0a06,20261010-150953-142006515565,268,200,0,variant,baseline,tracked_before_cleanup,12,200.000000000,200.000000000,200.000000000,200.000000000
4a05e1971a449b1a8db2a9bd2181e9e7c58e0a06,20261010-150953-142006515565,268,200,0,variant,baseline,tracked_after_cleanup,12,200.000000000,200.000000000,200.000000000,200.000000000
4a05e1971a449b1a8db2a9bd2181e9e7c58e0a06,20261010-150953-142006515565,268,200,0,variant,baseline,memory_delta_kb,12,289.252604167,284.068359375,289.675781250,295.166015625
4a05e1971a449b1a8db2a9bd2181e9e7c58e0a06,20261010-150953-142006515565,268,200,0,variant,after,elapsed_ms,12,0.364333331,0.302700006,0.364749998,0.470600004
4a05e1971a449b1a8db2a9bd2181e9e7c58e0a06,20261010-150953-142006515565,268,200,0,variant,after,health_extension_calls,12,12000.000000000,12000.000000000,12000.000000000,12000.000000000
4a05e1971a449b1a8db2a9bd2181e9e7c58e0a06,20261010-150953-142006515565,268,200,0,variant,after,game_session_field_reads,12,24000.000000000,24000.000000000,24000.000000000,24000.000000000
4a05e1971a449b1a8db2a9bd2181e9e7c58e0a06,20261010-150953-142006515565,268,200,0,variant,after,current_health_reads,12,12000.000000000,12000.000000000,12000.000000000,12000.000000000
4a05e1971a449b1a8db2a9bd2181e9e7c58e0a06,20261010-150953-142006515565,268,200,0,variant,after,damage_taken_reads,12,0.000000000,0.000000000,0.000000000,0.000000000
4a05e1971a449b1a8db2a9bd2181e9e7c58e0a06,20261010-150953-142006515565,268,200,0,variant,after,max_health_reads,12,0.000000000,0.000000000,0.000000000,0.000000000
4a05e1971a449b1a8db2a9bd2181e9e7c58e0a06,20261010-150953-142006515565,268,200,0,variant,after,player_scans,12,0.000000000,0.000000000,0.000000000,0.000000000
4a05e1971a449b1a8db2a9bd2181e9e7c58e0a06,20261010-150953-142006515565,268,200,0,variant,after,owner_lookups,12,0.000000000,0.000000000,0.000000000,0.000000000
4a05e1971a449b1a8db2a9bd2181e9e7c58e0a06,20261010-150953-142006515565,268,200,0,variant,after,format_calls,12,40.000000000,40.000000000,40.000000000,40.000000000
4a05e1971a449b1a8db2a9bd2181e9e7c58e0a06,20261010-150953-142006515565,268,200,0,variant,after,hud_rebuilds,12,0.000000000,0.000000000,0.000000000,0.000000000
4a05e1971a449b1a8db2a9bd2181e9e7c58e0a06,20261010-150953-142006515565,268,200,0,variant,after,tracked_before_cleanup,12,200.000000000,200.000000000,200.000000000,200.000000000
4a05e1971a449b1a8db2a9bd2181e9e7c58e0a06,20261010-150953-142006515565,268,200,0,variant,after,tracked_after_cleanup,12,0.000000000,0.000000000,0.000000000,0.000000000
4a05e1971a449b1a8db2a9bd2181e9e7c58e0a06,20261010-150953-142006515565,268,200,0,variant,after,memory_delta_kb,12,310.868815104,303.126953125,312.318359375,317.380859375
4a05e1971a449b1a8db2a9bd2181e9e7c58e0a06,20261010-150953-142006515565,268,200,0,paired_difference,after_minus_baseline,elapsed_ms,12,0.020433331,-0.363100000,0.058799997,0.159699994
4a05e1971a449b1a8db2a9bd2181e9e7c58e0a06,20261010-150953-142006515565,268,200,100,variant,baseline,elapsed_ms,12,0.724308333,0.404599996,0.610750023,2.264399984
4a05e1971a449b1a8db2a9bd2181e9e7c58e0a06,20261010-150953-142006515565,268,200,100,variant,baseline,health_extension_calls,12,12300.000000000,12300.000000000,12300.000000000,12300.000000000
4a05e1971a449b1a8db2a9bd2181e9e7c58e0a06,20261010-150953-142006515565,268,200,100,variant,baseline,game_session_field_reads,12,24400.000000000,24400.000000000,24400.000000000,24400.000000000
4a05e1971a449b1a8db2a9bd2181e9e7c58e0a06,20261010-150953-142006515565,268,200,100,variant,baseline,current_health_reads,12,12100.000000000,12100.000000000,12100.000000000,12100.000000000
4a05e1971a449b1a8db2a9bd2181e9e7c58e0a06,20261010-150953-142006515565,268,200,100,variant,baseline,damage_taken_reads,12,100.000000000,100.000000000,100.000000000,100.000000000
4a05e1971a449b1a8db2a9bd2181e9e7c58e0a06,20261010-150953-142006515565,268,200,100,variant,baseline,max_health_reads,12,100.000000000,100.000000000,100.000000000,100.000000000
4a05e1971a449b1a8db2a9bd2181e9e7c58e0a06,20261010-150953-142006515565,268,200,100,variant,baseline,player_scans,12,100.000000000,100.000000000,100.000000000,100.000000000
4a05e1971a449b1a8db2a9bd2181e9e7c58e0a06,20261010-150953-142006515565,268,200,100,variant,baseline,owner_lookups,12,0.000000000,0.000000000,0.000000000,0.000000000
4a05e1971a449b1a8db2a9bd2181e9e7c58e0a06,20261010-150953-142006515565,268,200,100,variant,baseline,format_calls,12,240.000000000,240.000000000,240.000000000,240.000000000
4a05e1971a449b1a8db2a9bd2181e9e7c58e0a06,20261010-150953-142006515565,268,200,100,variant,baseline,hud_rebuilds,12,21.000000000,21.000000000,21.000000000,21.000000000
4a05e1971a449b1a8db2a9bd2181e9e7c58e0a06,20261010-150953-142006515565,268,200,100,variant,baseline,tracked_before_cleanup,12,200.000000000,200.000000000,200.000000000,200.000000000
4a05e1971a449b1a8db2a9bd2181e9e7c58e0a06,20261010-150953-142006515565,268,200,100,variant,baseline,tracked_after_cleanup,12,200.000000000,200.000000000,200.000000000,200.000000000
4a05e1971a449b1a8db2a9bd2181e9e7c58e0a06,20261010-150953-142006515565,268,200,100,variant,baseline,memory_delta_kb,12,324.154296875,311.443359375,324.185546875,332.423828125
4a05e1971a449b1a8db2a9bd2181e9e7c58e0a06,20261010-150953-142006515565,268,200,100,variant,after,elapsed_ms,12,0.871716664,0.476700021,0.602349988,2.384499996
4a05e1971a449b1a8db2a9bd2181e9e7c58e0a06,20261010-150953-142006515565,268,200,100,variant,after,health_extension_calls,12,12100.000000000,12100.000000000,12100.000000000,12100.000000000
4a05e1971a449b1a8db2a9bd2181e9e7c58e0a06,20261010-150953-142006515565,268,200,100,variant,after,game_session_field_reads,12,24200.000000000,24200.000000000,24200.000000000,24200.000000000
4a05e1971a449b1a8db2a9bd2181e9e7c58e0a06,20261010-150953-142006515565,268,200,100,variant,after,current_health_reads,12,12100.000000000,12100.000000000,12100.000000000,12100.000000000
4a05e1971a449b1a8db2a9bd2181e9e7c58e0a06,20261010-150953-142006515565,268,200,100,variant,after,damage_taken_reads,12,0.000000000,0.000000000,0.000000000,0.000000000
4a05e1971a449b1a8db2a9bd2181e9e7c58e0a06,20261010-150953-142006515565,268,200,100,variant,after,max_health_reads,12,0.000000000,0.000000000,0.000000000,0.000000000
4a05e1971a449b1a8db2a9bd2181e9e7c58e0a06,20261010-150953-142006515565,268,200,100,variant,after,player_scans,12,0.000000000,0.000000000,0.000000000,0.000000000
4a05e1971a449b1a8db2a9bd2181e9e7c58e0a06,20261010-150953-142006515565,268,200,100,variant,after,owner_lookups,12,100.000000000,100.000000000,100.000000000,100.000000000
4a05e1971a449b1a8db2a9bd2181e9e7c58e0a06,20261010-150953-142006515565,268,200,100,variant,after,format_calls,12,40.000000000,40.000000000,40.000000000,40.000000000
4a05e1971a449b1a8db2a9bd2181e9e7c58e0a06,20261010-150953-142006515565,268,200,100,variant,after,hud_rebuilds,12,0.000000000,0.000000000,0.000000000,0.000000000
4a05e1971a449b1a8db2a9bd2181e9e7c58e0a06,20261010-150953-142006515565,268,200,100,variant,after,tracked_before_cleanup,12,200.000000000,200.000000000,200.000000000,200.000000000
4a05e1971a449b1a8db2a9bd2181e9e7c58e0a06,20261010-150953-142006515565,268,200,100,variant,after,tracked_after_cleanup,12,0.000000000,0.000000000,0.000000000,0.000000000
4a05e1971a449b1a8db2a9bd2181e9e7c58e0a06,20261010-150953-142006515565,268,200,100,variant,after,memory_delta_kb,12,356.094726563,348.185546875,355.554687500,372.462890625
4a05e1971a449b1a8db2a9bd2181e9e7c58e0a06,20261010-150953-142006515565,268,200,100,paired_difference,after_minus_baseline,elapsed_ms,12,0.147408330,-0.228299992,-0.018299994,1.721699984
4a05e1971a449b1a8db2a9bd2181e9e7c58e0a06,20261010-150953-142006515565,268,200,500,variant,baseline,elapsed_ms,24,2.336987500,0.998799980,2.137400006,3.657599998
4a05e1971a449b1a8db2a9bd2181e9e7c58e0a06,20261010-150953-142006515565,268,200,500,variant,baseline,health_extension_calls,24,13500.000000000,13500.000000000,13500.000000000,13500.000000000
4a05e1971a449b1a8db2a9bd2181e9e7c58e0a06,20261010-150953-142006515565,268,200,500,variant,baseline,game_session_field_reads,24,26000.000000000,26000.000000000,26000.000000000,26000.000000000
4a05e1971a449b1a8db2a9bd2181e9e7c58e0a06,20261010-150953-142006515565,268,200,500,variant,baseline,current_health_reads,24,12500.000000000,12500.000000000,12500.000000000,12500.000000000
4a05e1971a449b1a8db2a9bd2181e9e7c58e0a06,20261010-150953-142006515565,268,200,500,variant,baseline,damage_taken_reads,24,500.000000000,500.000000000,500.000000000,500.000000000
4a05e1971a449b1a8db2a9bd2181e9e7c58e0a06,20261010-150953-142006515565,268,200,500,variant,baseline,max_health_reads,24,500.000000000,500.000000000,500.000000000,500.000000000
4a05e1971a449b1a8db2a9bd2181e9e7c58e0a06,20261010-150953-142006515565,268,200,500,variant,baseline,player_scans,24,500.000000000,500.000000000,500.000000000,500.000000000
4a05e1971a449b1a8db2a9bd2181e9e7c58e0a06,20261010-150953-142006515565,268,200,500,variant,baseline,owner_lookups,24,0.000000000,0.000000000,0.000000000,0.000000000
4a05e1971a449b1a8db2a9bd2181e9e7c58e0a06,20261010-150953-142006515565,268,200,500,variant,baseline,format_calls,24,240.000000000,240.000000000,240.000000000,240.000000000
4a05e1971a449b1a8db2a9bd2181e9e7c58e0a06,20261010-150953-142006515565,268,200,500,variant,baseline,hud_rebuilds,24,21.000000000,21.000000000,21.000000000,21.000000000
4a05e1971a449b1a8db2a9bd2181e9e7c58e0a06,20261010-150953-142006515565,268,200,500,variant,baseline,tracked_before_cleanup,24,200.000000000,200.000000000,200.000000000,200.000000000
4a05e1971a449b1a8db2a9bd2181e9e7c58e0a06,20261010-150953-142006515565,268,200,500,variant,baseline,tracked_after_cleanup,24,200.000000000,200.000000000,200.000000000,200.000000000
4a05e1971a449b1a8db2a9bd2181e9e7c58e0a06,20261010-150953-142006515565,268,200,500,variant,baseline,memory_delta_kb,24,461.354980469,454.041015625,461.210937500,468.943359375
4a05e1971a449b1a8db2a9bd2181e9e7c58e0a06,20261010-150953-142006515565,268,200,500,variant,after,elapsed_ms,24,2.173033333,0.817399996,2.045999994,4.206299986
4a05e1971a449b1a8db2a9bd2181e9e7c58e0a06,20261010-150953-142006515565,268,200,500,variant,after,health_extension_calls,24,12500.000000000,12500.000000000,12500.000000000,12500.000000000
4a05e1971a449b1a8db2a9bd2181e9e7c58e0a06,20261010-150953-142006515565,268,200,500,variant,after,game_session_field_reads,24,25000.000000000,25000.000000000,25000.000000000,25000.000000000
4a05e1971a449b1a8db2a9bd2181e9e7c58e0a06,20261010-150953-142006515565,268,200,500,variant,after,current_health_reads,24,12500.000000000,12500.000000000,12500.000000000,12500.000000000
4a05e1971a449b1a8db2a9bd2181e9e7c58e0a06,20261010-150953-142006515565,268,200,500,variant,after,damage_taken_reads,24,0.000000000,0.000000000,0.000000000,0.000000000
4a05e1971a449b1a8db2a9bd2181e9e7c58e0a06,20261010-150953-142006515565,268,200,500,variant,after,max_health_reads,24,0.000000000,0.000000000,0.000000000,0.000000000
4a05e1971a449b1a8db2a9bd2181e9e7c58e0a06,20261010-150953-142006515565,268,200,500,variant,after,player_scans,24,0.000000000,0.000000000,0.000000000,0.000000000
4a05e1971a449b1a8db2a9bd2181e9e7c58e0a06,20261010-150953-142006515565,268,200,500,variant,after,owner_lookups,24,500.000000000,500.000000000,500.000000000,500.000000000
4a05e1971a449b1a8db2a9bd2181e9e7c58e0a06,20261010-150953-142006515565,268,200,500,variant,after,format_calls,24,40.000000000,40.000000000,40.000000000,40.000000000
4a05e1971a449b1a8db2a9bd2181e9e7c58e0a06,20261010-150953-142006515565,268,200,500,variant,after,hud_rebuilds,24,0.000000000,0.000000000,0.000000000,0.000000000
4a05e1971a449b1a8db2a9bd2181e9e7c58e0a06,20261010-150953-142006515565,268,200,500,variant,after,tracked_before_cleanup,24,200.000000000,200.000000000,200.000000000,200.000000000
4a05e1971a449b1a8db2a9bd2181e9e7c58e0a06,20261010-150953-142006515565,268,200,500,variant,after,tracked_after_cleanup,24,0.000000000,0.000000000,0.000000000,0.000000000
4a05e1971a449b1a8db2a9bd2181e9e7c58e0a06,20261010-150953-142006515565,268,200,500,variant,after,memory_delta_kb,24,485.205566406,473.951171875,486.537109375,495.138671875
4a05e1971a449b1a8db2a9bd2181e9e7c58e0a06,20261010-150953-142006515565,268,200,500,paired_difference,after_minus_baseline,elapsed_ms,24,-0.163954167,-1.039700001,-0.135900002,0.641499966
