baseline_ref,run_id,seed,units,attack_events,pair_index,pair_order,position,variant,sample_index,elapsed_ms,health_extension_calls,game_session_field_reads,current_health_reads,damage_taken_reads,max_health_reads,player_scans,owner_lookups,format_calls,hud_rebuilds,tracked_before_cleanup,tracked_after_cleanup,memory_delta_kb
4a05e1971a449b1a8db2a9bd2181e9e7c58e0a06,20261010-150953-142006515565,268,0,0,1,AB,1,baseline,1,0.032999989,0.000000000,0.000000000,0.000000000,0.000000000,0.000000000,0.000000000,0.000000000,240.000000000,21.000000000,0.000000000,0.000000000,112.669921875
4a05e1971a449b1a8db2a9bd2181e9e7c58e0a06,20261010-150953-142006515565,268,0,0,1,AB,2,after,1,0.358499994,0.000000000,0.000000000,0.000000000,0.000000000,0.000000000,0.000000000,0.000000000,40.000000000,0.000000000,0.000000000,0.000000000,128.181640625
4a05e1971a449b1a8db2a9bd2181e9e7c58e0a06,20261010-150953-142006515565,268,0,0,2,BA,1,after,2,0.109000015,0.000000000,0.000000000,0.000000000,0.000000000,0.000000000,0.000000000,0.000000000,40.000000000,0.000000000,0.000000000,0.000000000,130.638671875
4a05e1971a449b1a8db2a9bd2181e9e7c58e0a06,20261010-150953-142006515565,268,0,0,2,BA,2,baseline,2,0.107600004,0.000000000,0.000000000,0.000000000,0.000000000,0.000000000,0.000000000,0.000000000,240.000000000,21.000000000,0.000000000,0.000000000,112.705078125
4a05e1971a449b1a8db2a9bd2181e9e7c58e0a06,20261010-150953-142006515565,268,0,0,3,AB,1,baseline,3,0.203300006,0.000000000,0.000000000,0.000000000,0.000000000,0.000000000,0.000000000,0.000000000,240.000000000,21.000000000,0.000000000,0.000000000,112.669921875
4a05e1971a449b1a8db2a9bd2181e9e7c58e0a06,20261010-150953-142006515565,268,0,0,3,AB,2,after,3,0.070799986,0.000000000,0.000000000,0.000000000,0.000000000,0.000000000,0.000000000,0.000000000,40.000000000,0.000000000,0.000000000,0.000000000,131.349609375
4a05e1971a449b1a8db2a9bd2181e9e7c58e0a06,20261010-150953-142006515565,268,0,0,4,BA,1,after,4,0.201199990,0.000000000,0.000000000,0.000000000,0.000000000,0.000000000,0.000000000,0.000000000,40.000000000,0.000000000,0.000000000,0.000000000,132.544921875
4a05e1971a449b1a8db2a9bd2181e9e7c58e0a06,20261010-150953-142006515565,268,0,0,4,BA,2,baseline,4,0.217800000,0.000000000,0.000000000,0.000000000,0.000000000,0.000000000,0.000000000,0.000000000,240.000000000,21.000000000,0.000000000,0.000000000,113.564453125
4a05e1971a449b1a8db2a9bd2181e9e7c58e0a06,20261010-150953-142006515565,268,0,0,5,AB,1,baseline,5,0.236099993,0.000000000,0.000000000,0.000000000,0.000000000,0.000000000,0.000000000,0.000000000,240.000000000,21.000000000,0.000000000,0.000000000,112.669921875
4a05e1971a449b1a8db2a9bd2181e9e7c58e0a06,20261010-150953-142006515565,268,0,0,5,AB,2,after,5,0.293100020,0.000000000,0.000000000,0.000000000,0.000000000,0.000000000,0.000000000,0.000000000,40.000000000,0.000000000,0.000000000,0.000000000,126.091796875
4a05e1971a449b1a8db2a9bd2181e9e7c58e0a06,20261010-150953-142006515565,268,0,0,6,BA,1,after,6,0.144299993,0.000000000,0.000000000,0.000000000,0.000000000,0.000000000,0.000000000,0.000000000,40.000000000,0.000000000,0.000000000,0.000000000,127.115234375
4a05e1971a449b1a8db2a9bd2181e9e7c58e0a06,20261010-150953-142006515565,268,0,0,6,BA,2,baseline,6,0.210400001,0.000000000,0.000000000,0.000000000,0.000000000,0.000000000,0.000000000,0.000000000,240.000000000,21.000000000,0.000000000,0.000000000,113.427734375
4a05e1971a449b1a8db2a9bd2181e9e7c58e0a06,20261010-150953-142006515565,268,0,0,7,AB,1,baseline,7,0.086999993,0.000000000,0.000000000,0.000000000,0.000000000,0.000000000,0.000000000,0.000000000,240.000000000,21.000000000,0.000000000,0.000000000,112.669921875
4a05e1971a449b1a8db2a9bd2181e9e7c58e0a06,20261010-150953-142006515565,268,0,0,7,AB,2,after,7,0.149200001,0.000000000,0.000000000,0.000000000,0.000000000,0.000000000,0.000000000,0.000000000,40.000000000,0.000000000,0.000000000,0.000000000,131.583984375
4a05e1971a449b1a8db2a9bd2181e9e7c58e0a06,20261010-150953-142006515565,268,0,0,8,BA,1,after,8,0.216299988,0.000000000,0.000000000,0.000000000,0.000000000,0.000000000,0.000000000,0.000000000,40.000000000,0.000000000,0.000000000,0.000000000,128.900390625
4a05e1971a449b1a8db2a9bd2181e9e7c58e0a06,20261010-150953-142006515565,268,0,0,8,BA,2,baseline,8,0.069399975,0.000000000,0.000000000,0.000000000,0.000000000,0.000000000,0.000000000,0.000000000,240.000000000,21.000000000,0.000000000,0.000000000,110.181640625
4a05e1971a449b1a8db2a9bd2181e9e7c58e0a06,20261010-150953-142006515565,268,0,0,9,AB,1,baseline,9,0.219099980,0.000000000,0.000000000,0.000000000,0.000000000,0.000000000,0.000000000,0.000000000,240.000000000,21.000000000,0.000000000,0.000000000,116.123046875
4a05e1971a449b1a8db2a9bd2181e9e7c58e0a06,20261010-150953-142006515565,268,0,0,9,AB,2,after,9,0.322500011,0.000000000,0.000000000,0.000000000,0.000000000,0.000000000,0.000000000,0.000000000,40.000000000,0.000000000,0.000000000,0.000000000,126.060546875
4a05e1971a449b1a8db2a9bd2181e9e7c58e0a06,20261010-150953-142006515565,268,0,0,10,BA,1,after,10,0.330499985,0.000000000,0.000000000,0.000000000,0.000000000,0.000000000,0.000000000,0.000000000,40.000000000,0.000000000,0.000000000,0.000000000,125.771484375
4a05e1971a449b1a8db2a9bd2181e9e7c58e0a06,20261010-150953-142006515565,268,0,0,10,BA,2,baseline,10,0.085300009,0.000000000,0.000000000,0.000000000,0.000000000,0.000000000,0.000000000,0.000000000,240.000000000,21.000000000,0.000000000,0.000000000,112.927734375
4a05e1971a449b1a8db2a9bd2181e9e7c58e0a06,20261010-150953-142006515565,268,0,0,11,AB,1,baseline,11,0.065500004,0.000000000,0.000000000,0.000000000,0.000000000,0.000000000,0.000000000,0.000000000,240.000000000,21.000000000,0.000000000,0.000000000,112.669921875
4a05e1971a449b1a8db2a9bd2181e9e7c58e0a06,20261010-150953-142006515565,268,0,0,11,AB,2,after,11,0.213399995,0.000000000,0.000000000,0.000000000,0.000000000,0.000000000,0.000000000,0.000000000,40.000000000,0.000000000,0.000000000,0.000000000,128.099609375
4a05e1971a449b1a8db2a9bd2181e9e7c58e0a06,20261010-150953-142006515565,268,0,0,12,BA,1,after,12,0.319399987,0.000000000,0.000000000,0.000000000,0.000000000,0.000000000,0.000000000,0.000000000,40.000000000,0.000000000,0.000000000,0.000000000,129.318359375
4a05e1971a449b1a8db2a9bd2181e9e7c58e0a06,20261010-150953-142006515565,268,0,0,12,BA,2,baseline,12,0.206900004,0.000000000,0.000000000,0.000000000,0.000000000,0.000000000,0.000000000,0.000000000,240.000000000,21.000000000,0.000000000,0.000000000,112.677734375
4a05e1971a449b1a8db2a9bd2181e9e7c58e0a06,20261010-150953-142006515565,268,0,100,1,AB,1,baseline,1,0.112900016,0.000000000,0.000000000,0.000000000,0.000000000,0.000000000,100.000000000,0.000000000,240.000000000,21.000000000,0.000000000,0.000000000,140.978515625
4a05e1971a449b1a8db2a9bd2181e9e7c58e0a06,20261010-150953-142006515565,268,0,100,1,AB,2,after,1,0.323899993,0.000000000,0.000000000,0.000000000,0.000000000,0.000000000,0.000000000,0.000000000,40.000000000,0.000000000,0.000000000,0.000000000,155.287109375
4a05e1971a449b1a8db2a9bd2181e9e7c58e0a06,20261010-150953-142006515565,268,0,100,2,BA,1,after,2,0.167299993,0.000000000,0.000000000,0.000000000,0.000000000,0.000000000,0.000000000,0.000000000,40.000000000,0.000000000,0.000000000,0.000000000,151.517578125
4a05e1971a449b1a8db2a9bd2181e9e7c58e0a06,20261010-150953-142006515565,268,0,100,2,BA,2,baseline,2,0.254599989,0.000000000,0.000000000,0.000000000,0.000000000,0.000000000,100.000000000,0.000000000,240.000000000,21.000000000,0.000000000,0.000000000,153.412109375
4a05e1971a449b1a8db2a9bd2181e9e7c58e0a06,20261010-150953-142006515565,268,0,100,3,AB,1,baseline,3,0.099099998,0.000000000,0.000000000,0.000000000,0.000000000,0.000000000,100.000000000,0.000000000,240.000000000,21.000000000,0.000000000,0.000000000,163.482421875
4a05e1971a449b1a8db2a9bd2181e9e7c58e0a06,20261010-150953-142006515565,268,0,100,3,AB,2,after,3,0.376399985,0.000000000,0.000000000,0.000000000,0.000000000,0.000000000,0.000000000,0.000000000,40.000000000,0.000000000,0.000000000,0.000000000,177.419921875
4a05e1971a449b1a8db2a9bd2181e9e7c58e0a06,20261010-150953-142006515565,268,0,100,4,BA,1,after,4,0.395799987,0.000000000,0.000000000,0.000000000,0.000000000,0.000000000,0.000000000,0.000000000,40.000000000,0.000000000,0.000000000,0.000000000,180.857421875
4a05e1971a449b1a8db2a9bd2181e9e7c58e0a06,20261010-150953-142006515565,268,0,100,4,BA,2,baseline,4,0.222900009,0.000000000,0.000000000,0.000000000,0.000000000,0.000000000,100.000000000,0.000000000,240.000000000,21.000000000,0.000000000,0.000000000,178.638671875
4a05e1971a449b1a8db2a9bd2181e9e7c58e0a06,20261010-150953-142006515565,268,0,100,5,AB,1,baseline,5,0.246699987,0.000000000,0.000000000,0.000000000,0.000000000,0.000000000,100.000000000,0.000000000,240.000000000,21.000000000,0.000000000,0.000000000,190.416015625
4a05e1971a449b1a8db2a9bd2181e9e7c58e0a06,20261010-150953-142006515565,268,0,100,5,AB,2,after,5,0.451400003,0.000000000,0.000000000,0.000000000,0.000000000,0.000000000,0.000000000,0.000000000,40.000000000,0.000000000,0.000000000,0.000000000,201.310546875
4a05e1971a449b1a8db2a9bd2181e9e7c58e0a06,20261010-150953-142006515565,268,0,100,6,BA,1,after,6,0.405799976,0.000000000,0.000000000,0.000000000,0.000000000,0.000000000,0.000000000,0.000000000,40.000000000,0.000000000,0.000000000,0.000000000,203.384765625
4a05e1971a449b1a8db2a9bd2181e9e7c58e0a06,20261010-150953-142006515565,268,0,100,6,BA,2,baseline,6,0.136700022,0.000000000,0.000000000,0.000000000,0.000000000,0.000000000,100.000000000,0.000000000,240.000000000,21.000000000,0.000000000,0.000000000,203.626953125
4a05e1971a449b1a8db2a9bd2181e9e7c58e0a06,20261010-150953-142006515565,268,0,100,7,AB,1,baseline,7,0.169399980,0.000000000,0.000000000,0.000000000,0.000000000,0.000000000,100.000000000,0.000000000,240.000000000,21.000000000,0.000000000,0.000000000,215.791015625
4a05e1971a449b1a8db2a9bd2181e9e7c58e0a06,20261010-150953-142006515565,268,0,100,7,AB,2,after,7,0.596600003,0.000000000,0.000000000,0.000000000,0.000000000,0.000000000,0.000000000,0.000000000,40.000000000,0.000000000,0.000000000,0.000000000,227.767578125
4a05e1971a449b1a8db2a9bd2181e9e7c58e0a06,20261010-150953-142006515565,268,0,100,8,BA,1,after,8,0.202600000,0.000000000,0.000000000,0.000000000,0.000000000,0.000000000,0.000000000,0.000000000,40.000000000,0.000000000,0.000000000,0.000000000,227.845703125
4a05e1971a449b1a8db2a9bd2181e9e7c58e0a06,20261010-150953-142006515565,268,0,100,8,BA,2,baseline,8,0.268999982,0.000000000,0.000000000,0.000000000,0.000000000,0.000000000,100.000000000,0.000000000,240.000000000,21.000000000,0.000000000,0.000000000,227.685546875
4a05e1971a449b1a8db2a9bd2181e9e7c58e0a06,20261010-150953-142006515565,268,0,100,9,AB,1,baseline,9,0.104000006,0.000000000,0.000000000,0.000000000,0.000000000,0.000000000,100.000000000,0.000000000,240.000000000,21.000000000,0.000000000,0.000000000,240.791015625
4a05e1971a449b1a8db2a9bd2181e9e7c58e0a06,20261010-150953-142006515565,268,0,100,9,AB,2,after,9,0.098400022,0.000000000,0.000000000,0.000000000,0.000000000,0.000000000,0.000000000,0.000000000,40.000000000,0.000000000,0.000000000,0.000000000,250.384765625
4a05e1971a449b1a8db2a9bd2181e9e7c58e0a06,20261010-150953-142006515565,268,0,100,10,BA,1,after,10,0.300600019,0.000000000,0.000000000,0.000000000,0.000000000,0.000000000,0.000000000,0.000000000,40.000000000,0.000000000,0.000000000,0.000000000,252.427734375
4a05e1971a449b1a8db2a9bd2181e9e7c58e0a06,20261010-150953-142006515565,268,0,100,10,BA,2,baseline,10,0.285899994,0.000000000,0.000000000,0.000000000,0.000000000,0.000000000,100.000000000,0.000000000,240.000000000,21.000000000,0.000000000,0.000000000,253.443359375
4a05e1971a449b1a8db2a9bd2181e9e7c58e0a06,20261010-150953-142006515565,268,0,100,11,AB,1,baseline,11,0.319799990,0.000000000,0.000000000,0.000000000,0.000000000,0.000000000,100.000000000,0.000000000,240.000000000,21.000000000,0.000000000,0.000000000,267.626953125
4a05e1971a449b1a8db2a9bd2181e9e7c58e0a06,20261010-150953-142006515565,268,0,100,11,AB,2,after,11,0.162399985,0.000000000,0.000000000,0.000000000,0.000000000,0.000000000,0.000000000,0.000000000,40.000000000,0.000000000,0.000000000,0.000000000,280.197265625
4a05e1971a449b1a8db2a9bd2181e9e7c58e0a06,20261010-150953-142006515565,268,0,100,12,BA,1,after,12,0.200300012,0.000000000,0.000000000,0.000000000,0.000000000,0.000000000,0.000000000,0.000000000,40.000000000,0.000000000,0.000000000,0.000000000,277.763671875
4a05e1971a449b1a8db2a9bd2181e9e7c58e0a06,20261010-150953-142006515565,268,0,100,12,BA,2,baseline,12,0.156499998,0.000000000,0.000000000,0.000000000,0.000000000,0.000000000,100.000000000,0.000000000,240.000000000,21.000000000,0.000000000,0.000000000,278.306640625
4a05e1971a449b1a8db2a9bd2181e9e7c58e0a06,20261010-150953-142006515565,268,0,500,1,AB,1,baseline,1,0.501800008,0.000000000,0.000000000,0.000000000,0.000000000,0.000000000,500.000000000,0.000000000,240.000000000,21.000000000,0.000000000,0.000000000,1115.021484375
4a05e1971a449b1a8db2a9bd2181e9e7c58e0a06,20261010-150953-142006515565,268,0,500,1,AB,2,after,1,0.413900008,0.000000000,0.000000000,0.000000000,0.000000000,0.000000000,0.000000000,0.000000000,40.000000000,0.000000000,0.000000000,0.000000000,1128.623046875
4a05e1971a449b1a8db2a9bd2181e9e7c58e0a06,20261010-150953-142006515565,268,0,500,2,BA,1,after,2,0.577100000,0.000000000,0.000000000,0.000000000,0.000000000,0.000000000,0.000000000,0.000000000,40.000000000,0.000000000,0.000000000,0.000000000,1129.107421875
4a05e1971a449b1a8db2a9bd2181e9e7c58e0a06,20261010-150953-142006515565,268,0,500,2,BA,2,baseline,2,0.674400013,0.000000000,0.000000000,0.000000000,0.000000000,0.000000000,500.000000000,0.000000000,240.000000000,21.000000000,0.000000000,0.000000000,1176.732421875
4a05e1971a449b1a8db2a9bd2181e9e7c58e0a06,20261010-150953-142006515565,268,0,500,3,AB,1,baseline,3,0.600200001,0.000000000,0.000000000,0.000000000,0.000000000,0.000000000,500.000000000,0.000000000,240.000000000,21.000000000,0.000000000,0.000000000,1244.380859375
4a05e1971a449b1a8db2a9bd2181e9e7c58e0a06,20261010-150953-142006515565,268,0,500,3,AB,2,after,3,0.447400002,0.000000000,0.000000000,0.000000000,0.000000000,0.000000000,0.000000000,0.000000000,40.000000000,0.000000000,0.000000000,0.000000000,1251.498046875
4a05e1971a449b1a8db2a9bd2181e9e7c58e0a06,20261010-150953-142006515565,268,0,500,4,BA,1,after,4,0.314299978,0.000000000,0.000000000,0.000000000,0.000000000,0.000000000,0.000000000,0.000000000,40.000000000,0.000000000,0.000000000,0.000000000,1255.263671875
4a05e1971a449b1a8db2a9bd2181e9e7c58e0a06,20261010-150953-142006515565,268,0,500,4,BA,2,baseline,4,0.606100017,0.000000000,0.000000000,0.000000000,0.000000000,0.000000000,500.000000000,0.000000000,240.000000000,21.000000000,0.000000000,0.000000000,1303.279296875
4a05e1971a449b1a8db2a9bd2181e9e7c58e0a06,20261010-150953-142006515565,268,0,500,5,AB,1,baseline,5,0.619700004,0.000000000,0.000000000,0.000000000,0.000000000,0.000000000,500.000000000,0.000000000,240.000000000,21.000000000,0.000000000,0.000000000,1365.611328125
4a05e1971a449b1a8db2a9bd2181e9e7c58e0a06,20261010-150953-142006515565,268,0,500,5,AB,2,after,5,0.466700003,0.000000000,0.000000000,0.000000000,0.000000000,0.000000000,0.000000000,0.000000000,40.000000000,0.000000000,0.000000000,0.000000000,1375.490234375
4a05e1971a449b1a8db2a9bd2181e9e7c58e0a06,20261010-150953-142006515565,268,0,500,6,BA,1,after,6,0.581800006,0.000000000,0.000000000,0.000000000,0.000000000,0.000000000,0.000000000,0.000000000,40.000000000,0.000000000,0.000000000,0.000000000,1381.392578125
4a05e1971a449b1a8db2a9bd2181e9e7c58e0a06,20261010-150953-142006515565,268,0,500,6,BA,2,baseline,6,0.598300016,0.000000000,0.000000000,0.000000000,0.000000000,0.000000000,500.000000000,0.000000000,240.000000000,21.000000000,0.000000000,0.000000000,1425.244140625
4a05e1971a449b1a8db2a9bd2181e9e7c58e0a06,20261010-150953-142006515565,268,0,500,7,AB,1,baseline,7,0.678200013,0.000000000,0.000000000,0.000000000,0.000000000,0.000000000,500.000000000,0.000000000,240.000000000,21.000000000,0.000000000,0.000000000,1490.091796875
4a05e1971a449b1a8db2a9bd2181e9e7c58e0a06,20261010-150953-142006515565,268,0,500,7,AB,2,after,7,0.451800006,0.000000000,0.000000000,0.000000000,0.000000000,0.000000000,0.000000000,0.000000000,40.000000000,0.000000000,0.000000000,0.000000000,1503.802734375
4a05e1971a449b1a8db2a9bd2181e9e7c58e0a06,20261010-150953-142006515565,268,0,500,8,BA,1,after,8,0.473399996,0.000000000,0.000000000,0.000000000,0.000000000,0.000000000,0.000000000,0.000000000,40.000000000,0.000000000,0.000000000,0.000000000,1503.158203125
4a05e1971a449b1a8db2a9bd2181e9e7c58e0a06,20261010-150953-142006515565,268,0,500,8,BA,2,baseline,8,0.520000001,0.000000000,0.000000000,0.000000000,0.000000000,0.000000000,500.000000000,0.000000000,240.000000000,21.000000000,0.000000000,0.000000000,1549.779296875
4a05e1971a449b1a8db2a9bd2181e9e7c58e0a06,20261010-150953-142006515565,268,0,500,9,AB,1,baseline,9,0.828899996,0.000000000,0.000000000,0.000000000,0.000000000,0.000000000,500.000000000,0.000000000,240.000000000,21.000000000,0.000000000,0.000000000,1615.021484375
4a05e1971a449b1a8db2a9bd2181e9e7c58e0a06,20261010-150953-142006515565,268,0,500,9,AB,2,after,9,0.486300007,0.000000000,0.000000000,0.000000000,0.000000000,0.000000000,0.000000000,0.000000000,40.000000000,0.000000000,0.000000000,0.000000000,1625.720703125
4a05e1971a449b1a8db2a9bd2181e9e7c58e0a06,20261010-150953-142006515565,268,0,500,10,BA,1,after,10,0.670000009,0.000000000,0.000000000,0.000000000,0.000000000,0.000000000,0.000000000,0.000000000,40.000000000,0.000000000,0.000000000,0.000000000,1628.380859375
4a05e1971a449b1a8db2a9bd2181e9e7c58e0a06,20261010-150953-142006515565,268,0,500,10,BA,2,baseline,10,0.893699995,0.000000000,0.000000000,0.000000000,0.000000000,0.000000000,500.000000000,0.000000000,240.000000000,21.000000000,0.000000000,0.000000000,1677.521484375
4a05e1971a449b1a8db2a9bd2181e9e7c58e0a06,20261010-150953-142006515565,268,0,500,11,AB,1,baseline,11,0.728100014,0.000000000,0.000000000,0.000000000,0.000000000,0.000000000,500.000000000,0.000000000,240.000000000,21.000000000,0.000000000,0.000000000,1740.791015625
4a05e1971a449b1a8db2a9bd2181e9e7c58e0a06,20261010-150953-142006515565,268,0,500,11,AB,2,after,11,0.605399982,0.000000000,0.000000000,0.000000000,0.000000000,0.000000000,0.000000000,0.000000000,40.000000000,0.000000000,0.000000000,0.000000000,1753.287109375
4a05e1971a449b1a8db2a9bd2181e9e7c58e0a06,20261010-150953-142006515565,268,0,500,12,BA,1,after,12,0.768099999,0.000000000,0.000000000,0.000000000,0.000000000,0.000000000,0.000000000,0.000000000,40.000000000,0.000000000,0.000000000,0.000000000,1752.755859375
4a05e1971a449b1a8db2a9bd2181e9e7c58e0a06,20261010-150953-142006515565,268,0,500,12,BA,2,baseline,12,0.961499987,0.000000000,0.000000000,0.000000000,0.000000000,0.000000000,500.000000000,0.000000000,240.000000000,21.000000000,0.000000000,0.000000000,993.865234375
4a05e1971a449b1a8db2a9bd2181e9e7c58e0a06,20261010-150953-142006515565,268,50,0,1,AB,1,baseline,1,0.246499985,3000.000000000,6000.000000000,3000.000000000,0.000000000,0.000000000,0.000000000,0.000000000,240.000000000,21.000000000,50.000000000,50.000000000,161.865234375
4a05e1971a449b1a8db2a9bd2181e9e7c58e0a06,20261010-150953-142006515565,268,50,0,1,AB,2,after,1,0.218800007,3000.000000000,6000.000000000,3000.000000000,0.000000000,0.000000000,0.000000000,0.000000000,40.000000000,0.000000000,50.000000000,0.000000000,186.552734375
4a05e1971a449b1a8db2a9bd2181e9e7c58e0a06,20261010-150953-142006515565,268,50,0,2,BA,1,after,2,0.401300000,3000.000000000,6000.000000000,3000.000000000,0.000000000,0.000000000,0.000000000,0.000000000,40.000000000,0.000000000,50.000000000,0.000000000,186.583984375
4a05e1971a449b1a8db2a9bd2181e9e7c58e0a06,20261010-150953-142006515565,268,50,0,2,BA,2,baseline,2,0.380299985,3000.000000000,6000.000000000,3000.000000000,0.000000000,0.000000000,0.000000000,0.000000000,240.000000000,21.000000000,50.000000000,50.000000000,154.412109375
4a05e1971a449b1a8db2a9bd2181e9e7c58e0a06,20261010-150953-142006515565,268,50,0,3,AB,1,baseline,3,0.167999999,3000.000000000,6000.000000000,3000.000000000,0.000000000,0.000000000,0.000000000,0.000000000,240.000000000,21.000000000,50.000000000,50.000000000,156.185546875
4a05e1971a449b1a8db2a9bd2181e9e7c58e0a06,20261010-150953-142006515565,268,50,0,3,AB,2,after,3,0.294099998,3000.000000000,6000.000000000,3000.000000000,0.000000000,0.000000000,0.000000000,0.000000000,40.000000000,0.000000000,50.000000000,0.000000000,178.681640625
4a05e1971a449b1a8db2a9bd2181e9e7c58e0a06,20261010-150953-142006515565,268,50,0,4,BA,1,after,4,0.341499981,3000.000000000,6000.000000000,3000.000000000,0.000000000,0.000000000,0.000000000,0.000000000,40.000000000,0.000000000,50.000000000,0.000000000,184.435546875
4a05e1971a449b1a8db2a9bd2181e9e7c58e0a06,20261010-150953-142006515565,268,50,0,4,BA,2,baseline,4,0.244200026,3000.000000000,6000.000000000,3000.000000000,0.000000000,0.000000000,0.000000000,0.000000000,240.000000000,21.000000000,50.000000000,50.000000000,156.232421875
4a05e1971a449b1a8db2a9bd2181e9e7c58e0a06,20261010-150953-142006515565,268,50,0,5,AB,1,baseline,5,0.131400011,3000.000000000,6000.000000000,3000.000000000,0.000000000,0.000000000,0.000000000,0.000000000,240.000000000,21.000000000,50.000000000,50.000000000,157.232421875
4a05e1971a449b1a8db2a9bd2181e9e7c58e0a06,20261010-150953-142006515565,268,50,0,5,AB,2,after,5,0.301399996,3000.000000000,6000.000000000,3000.000000000,0.000000000,0.000000000,0.000000000,0.000000000,40.000000000,0.000000000,50.000000000,0.000000000,184.537109375
4a05e1971a449b1a8db2a9bd2181e9e7c58e0a06,20261010-150953-142006515565,268,50,0,6,BA,1,after,6,0.169699983,3000.000000000,6000.000000000,3000.000000000,0.000000000,0.000000000,0.000000000,0.000000000,40.000000000,0.000000000,50.000000000,0.000000000,170.115234375
4a05e1971a449b1a8db2a9bd2181e9e7c58e0a06,20261010-150953-142006515565,268,50,0,6,BA,2,baseline,6,0.266299990,3000.000000000,6000.000000000,3000.000000000,0.000000000,0.000000000,0.000000000,0.000000000,240.000000000,21.000000000,50.000000000,50.000000000,157.923828125
4a05e1971a449b1a8db2a9bd2181e9e7c58e0a06,20261010-150953-142006515565,268,50,0,7,AB,1,baseline,7,0.262200017,3000.000000000,6000.000000000,3000.000000000,0.000000000,0.000000000,0.000000000,0.000000000,240.000000000,21.000000000,50.000000000,50.000000000,153.263671875
4a05e1971a449b1a8db2a9bd2181e9e7c58e0a06,20261010-150953-142006515565,268,50,0,7,AB,2,after,7,0.229300000,3000.000000000,6000.000000000,3000.000000000,0.000000000,0.000000000,0.000000000,0.000000000,40.000000000,0.000000000,50.000000000,0.000000000,178.517578125
4a05e1971a449b1a8db2a9bd2181e9e7c58e0a06,20261010-150953-142006515565,268,50,0,8,BA,1,after,8,0.328499998,3000.000000000,6000.000000000,3000.000000000,0.000000000,0.000000000,0.000000000,0.000000000,40.000000000,0.000000000,50.000000000,0.000000000,187.537109375
4a05e1971a449b1a8db2a9bd2181e9e7c58e0a06,20261010-150953-142006515565,268,50,0,8,BA,2,baseline,8,0.238000008,3000.000000000,6000.000000000,3000.000000000,0.000000000,0.000000000,0.000000000,0.000000000,240.000000000,21.000000000,50.000000000,50.000000000,153.525390625
4a05e1971a449b1a8db2a9bd2181e9e7c58e0a06,20261010-150953-142006515565,268,50,0,9,AB,1,baseline,9,0.202900002,3000.000000000,6000.000000000,3000.000000000,0.000000000,0.000000000,0.000000000,0.000000000,240.000000000,21.000000000,50.000000000,50.000000000,158.451171875
4a05e1971a449b1a8db2a9bd2181e9e7c58e0a06,20261010-150953-142006515565,268,50,0,9,AB,2,after,9,0.091599999,3000.000000000,6000.000000000,3000.000000000,0.000000000,0.000000000,0.000000000,0.000000000,40.000000000,0.000000000,50.000000000,0.000000000,159.603515625
4a05e1971a449b1a8db2a9bd2181e9e7c58e0a06,20261010-150953-142006515565,268,50,0,10,BA,1,after,10,0.232499995,3000.000000000,6000.000000000,3000.000000000,0.000000000,0.000000000,0.000000000,0.000000000,40.000000000,0.000000000,50.000000000,0.000000000,181.435546875
4a05e1971a449b1a8db2a9bd2181e9e7c58e0a06,20261010-150953-142006515565,268,50,0,10,BA,2,baseline,10,0.234299980,3000.000000000,6000.000000000,3000.000000000,0.000000000,0.000000000,0.000000000,0.000000000,240.000000000,21.000000000,50.000000000,50.000000000,154.462890625
4a05e1971a449b1a8db2a9bd2181e9e7c58e0a06,20261010-150953-142006515565,268,50,0,11,AB,1,baseline,11,0.108999986,3000.000000000,6000.000000000,3000.000000000,0.000000000,0.000000000,0.000000000,0.000000000,240.000000000,21.000000000,50.000000000,50.000000000,154.080078125
4a05e1971a449b1a8db2a9bd2181e9e7c58e0a06,20261010-150953-142006515565,268,50,0,11,AB,2,after,11,0.206900004,3000.000000000,6000.000000000,3000.000000000,0.000000000,0.000000000,0.000000000,0.000000000,40.000000000,0.000000000,50.000000000,0.000000000,185.529296875
4a05e1971a449b1a8db2a9bd2181e9e7c58e0a06,20261010-150953-142006515565,268,50,0,12,BA,1,after,12,0.329600007,3000.000000000,6000.000000000,3000.000000000,0.000000000,0.000000000,0.000000000,0.000000000,40.000000000,0.000000000,50.000000000,0.000000000,182.337890625
4a05e1971a449b1a8db2a9bd2181e9e7c58e0a06,20261010-150953-142006515565,268,50,0,12,BA,2,baseline,12,0.254099985,3000.000000000,6000.000000000,3000.000000000,0.000000000,0.000000000,0.000000000,0.000000000,240.000000000,21.000000000,50.000000000,50.000000000,154.763671875
4a05e1971a449b1a8db2a9bd2181e9e7c58e0a06,20261010-150953-142006515565,268,50,100,1,AB,1,baseline,1,0.883600005,3300.000000000,6400.000000000,3100.000000000,100.000000000,100.000000000,100.000000000,0.000000000,240.000000000,21.000000000,50.000000000,50.000000000,191.267578125
4a05e1971a449b1a8db2a9bd2181e9e7c58e0a06,20261010-150953-142006515565,268,50,100,1,AB,2,after,1,0.847600022,3100.000000000,6200.000000000,3100.000000000,0.000000000,0.000000000,0.000000000,100.000000000,40.000000000,0.000000000,50.000000000,0.000000000,223.865234375
4a05e1971a449b1a8db2a9bd2181e9e7c58e0a06,20261010-150953-142006515565,268,50,100,2,BA,1,after,2,0.719699980,3100.000000000,6200.000000000,3100.000000000,0.000000000,0.000000000,0.000000000,100.000000000,40.000000000,0.000000000,50.000000000,0.000000000,204.650390625
4a05e1971a449b1a8db2a9bd2181e9e7c58e0a06,20261010-150953-142006515565,268,50,100,2,BA,2,baseline,2,0.957399985,3300.000000000,6400.000000000,3100.000000000,100.000000000,100.000000000,100.000000000,0.000000000,240.000000000,21.000000000,50.000000000,50.000000000,193.001953125
4a05e1971a449b1a8db2a9bd2181e9e7c58e0a06,20261010-150953-142006515565,268,50,100,3,AB,1,baseline,3,0.993000023,3300.000000000,6400.000000000,3100.000000000,100.000000000,100.000000000,100.000000000,0.000000000,240.000000000,21.000000000,50.000000000,50.000000000,210.232421875
4a05e1971a449b1a8db2a9bd2181e9e7c58e0a06,20261010-150953-142006515565,268,50,100,3,AB,2,after,3,0.398500008,3100.000000000,6200.000000000,3100.000000000,0.000000000,0.000000000,0.000000000,100.000000000,40.000000000,0.000000000,50.000000000,0.000000000,215.275390625
4a05e1971a449b1a8db2a9bd2181e9e7c58e0a06,20261010-150953-142006515565,268,50,100,4,BA,1,after,4,0.378500001,3100.000000000,6200.000000000,3100.000000000,0.000000000,0.000000000,0.000000000,100.000000000,40.000000000,0.000000000,50.000000000,0.000000000,210.603515625
4a05e1971a449b1a8db2a9bd2181e9e7c58e0a06,20261010-150953-142006515565,268,50,100,4,BA,2,baseline,4,0.424400001,3300.000000000,6400.000000000,3100.000000000,100.000000000,100.000000000,100.000000000,0.000000000,240.000000000,21.000000000,50.000000000,50.000000000,194.318359375
4a05e1971a449b1a8db2a9bd2181e9e7c58e0a06,20261010-150953-142006515565,268,50,100,5,AB,1,baseline,5,0.569700002,3300.000000000,6400.000000000,3100.000000000,100.000000000,100.000000000,100.000000000,0.000000000,240.000000000,21.000000000,50.000000000,50.000000000,190.224609375
4a05e1971a449b1a8db2a9bd2181e9e7c58e0a06,20261010-150953-142006515565,268,50,100,5,AB,2,after,5,0.646200002,3100.000000000,6200.000000000,3100.000000000,0.000000000,0.000000000,0.000000000,100.000000000,40.000000000,0.000000000,50.000000000,0.000000000,224.939453125
4a05e1971a449b1a8db2a9bd2181e9e7c58e0a06,20261010-150953-142006515565,268,50,100,6,BA,1,after,6,0.451500004,3100.000000000,6200.000000000,3100.000000000,0.000000000,0.000000000,0.000000000,100.000000000,40.000000000,0.000000000,50.000000000,0.000000000,211.439453125
4a05e1971a449b1a8db2a9bd2181e9e7c58e0a06,20261010-150953-142006515565,268,50,100,6,BA,2,baseline,6,0.488199992,3300.000000000,6400.000000000,3100.000000000,100.000000000,100.000000000,100.000000000,0.000000000,240.000000000,21.000000000,50.000000000,50.000000000,198.126953125
4a05e1971a449b1a8db2a9bd2181e9e7c58e0a06,20261010-150953-142006515565,268,50,100,7,AB,1,baseline,7,0.642500003,3300.000000000,6400.000000000,3100.000000000,100.000000000,100.000000000,100.000000000,0.000000000,240.000000000,21.000000000,50.000000000,50.000000000,188.751953125
4a05e1971a449b1a8db2a9bd2181e9e7c58e0a06,20261010-150953-142006515565,268,50,100,7,AB,2,after,7,0.561800000,3100.000000000,6200.000000000,3100.000000000,0.000000000,0.000000000,0.000000000,100.000000000,40.000000000,0.000000000,50.000000000,0.000000000,226.712890625
4a05e1971a449b1a8db2a9bd2181e9e7c58e0a06,20261010-150953-142006515565,268,50,100,8,BA,1,after,8,0.424200000,3100.000000000,6200.000000000,3100.000000000,0.000000000,0.000000000,0.000000000,100.000000000,40.000000000,0.000000000,50.000000000,0.000000000,208.689453125
4a05e1971a449b1a8db2a9bd2181e9e7c58e0a06,20261010-150953-142006515565,268,50,100,8,BA,2,baseline,8,0.537100015,3300.000000000,6400.000000000,3100.000000000,100.000000000,100.000000000,100.000000000,0.000000000,240.000000000,21.000000000,50.000000000,50.000000000,189.857421875
4a05e1971a449b1a8db2a9bd2181e9e7c58e0a06,20261010-150953-142006515565,268,50,100,9,AB,1,baseline,9,0.432300003,3300.000000000,6400.000000000,3100.000000000,100.000000000,100.000000000,100.000000000,0.000000000,240.000000000,21.000000000,50.000000000,50.000000000,199.837890625
4a05e1971a449b1a8db2a9bd2181e9e7c58e0a06,20261010-150953-142006515565,268,50,100,9,AB,2,after,9,0.948200002,3100.000000000,6200.000000000,3100.000000000,0.000000000,0.000000000,0.000000000,100.000000000,40.000000000,0.000000000,50.000000000,0.000000000,235.873046875
4a05e1971a449b1a8db2a9bd2181e9e7c58e0a06,20261010-150953-142006515565,268,50,100,10,BA,1,after,10,0.815500011,3100.000000000,6200.000000000,3100.000000000,0.000000000,0.000000000,0.000000000,100.000000000,40.000000000,0.000000000,50.000000000,0.000000000,225.017578125
4a05e1971a449b1a8db2a9bd2181e9e7c58e0a06,20261010-150953-142006515565,268,50,100,10,BA,2,baseline,10,0.981299992,3300.000000000,6400.000000000,3100.000000000,100.000000000,100.000000000,100.000000000,0.000000000,240.000000000,21.000000000,50.000000000,50.000000000,190.654296875
4a05e1971a449b1a8db2a9bd2181e9e7c58e0a06,20261010-150953-142006515565,268,50,100,11,AB,1,baseline,11,0.736099988,3300.000000000,6400.000000000,3100.000000000,100.000000000,100.000000000,100.000000000,0.000000000,240.000000000,21.000000000,50.000000000,50.000000000,189.404296875
4a05e1971a449b1a8db2a9bd2181e9e7c58e0a06,20261010-150953-142006515565,268,50,100,11,AB,2,after,11,0.570000004,3100.000000000,6200.000000000,3100.000000000,0.000000000,0.000000000,0.000000000,100.000000000,40.000000000,0.000000000,50.000000000,0.000000000,213.259765625
4a05e1971a449b1a8db2a9bd2181e9e7c58e0a06,20261010-150953-142006515565,268,50,100,12,BA,1,after,12,0.876400009,3100.000000000,6200.000000000,3100.000000000,0.000000000,0.000000000,0.000000000,100.000000000,40.000000000,0.000000000,50.000000000,0.000000000,224.451171875
4a05e1971a449b1a8db2a9bd2181e9e7c58e0a06,20261010-150953-142006515565,268,50,100,12,BA,2,baseline,12,0.741399999,3300.000000000,6400.000000000,3100.000000000,100.000000000,100.000000000,100.000000000,0.000000000,240.000000000,21.000000000,50.000000000,50.000000000,192.259765625
4a05e1971a449b1a8db2a9bd2181e9e7c58e0a06,20261010-150953-142006515565,268,50,500,1,AB,1,baseline,1,0.825800002,4500.000000000,8000.000000000,3500.000000000,500.000000000,500.000000000,500.000000000,0.000000000,240.000000000,21.000000000,50.000000000,50.000000000,333.494140625
4a05e1971a449b1a8db2a9bd2181e9e7c58e0a06,20261010-150953-142006515565,268,50,500,1,AB,2,after,1,0.871799974,3500.000000000,7000.000000000,3500.000000000,0.000000000,0.000000000,0.000000000,500.000000000,40.000000000,0.000000000,50.000000000,0.000000000,361.216796875
4a05e1971a449b1a8db2a9bd2181e9e7c58e0a06,20261010-150953-142006515565,268,50,500,2,BA,1,after,2,0.967800006,3500.000000000,7000.000000000,3500.000000000,0.000000000,0.000000000,0.000000000,500.000000000,40.000000000,0.000000000,50.000000000,0.000000000,361.814453125
4a05e1971a449b1a8db2a9bd2181e9e7c58e0a06,20261010-150953-142006515565,268,50,500,2,BA,2,baseline,2,0.865800015,4500.000000000,8000.000000000,3500.000000000,500.000000000,500.000000000,500.000000000,0.000000000,240.000000000,21.000000000,50.000000000,50.000000000,334.607421875
4a05e1971a449b1a8db2a9bd2181e9e7c58e0a06,20261010-150953-142006515565,268,50,500,3,AB,1,baseline,3,0.840900000,4500.000000000,8000.000000000,3500.000000000,500.000000000,500.000000000,500.000000000,0.000000000,240.000000000,21.000000000,50.000000000,50.000000000,333.908203125
4a05e1971a449b1a8db2a9bd2181e9e7c58e0a06,20261010-150953-142006515565,268,50,500,3,AB,2,after,3,1.063799980,3500.000000000,7000.000000000,3500.000000000,0.000000000,0.000000000,0.000000000,500.000000000,40.000000000,0.000000000,50.000000000,0.000000000,359.900390625
4a05e1971a449b1a8db2a9bd2181e9e7c58e0a06,20261010-150953-142006515565,268,50,500,4,BA,1,after,4,0.947599998,3500.000000000,7000.000000000,3500.000000000,0.000000000,0.000000000,0.000000000,500.000000000,40.000000000,0.000000000,50.000000000,0.000000000,355.970703125
4a05e1971a449b1a8db2a9bd2181e9e7c58e0a06,20261010-150953-142006515565,268,50,500,4,BA,2,baseline,4,1.357900008,4500.000000000,8000.000000000,3500.000000000,500.000000000,500.000000000,500.000000000,0.000000000,240.000000000,21.000000000,50.000000000,50.000000000,325.044921875
4a05e1971a449b1a8db2a9bd2181e9e7c58e0a06,20261010-150953-142006515565,268,50,500,5,AB,1,baseline,5,1.093200000,4500.000000000,8000.000000000,3500.000000000,500.000000000,500.000000000,500.000000000,0.000000000,240.000000000,21.000000000,50.000000000,50.000000000,326.537109375
4a05e1971a449b1a8db2a9bd2181e9e7c58e0a06,20261010-150953-142006515565,268,50,500,5,AB,2,after,5,0.806199998,3500.000000000,7000.000000000,3500.000000000,0.000000000,0.000000000,0.000000000,500.000000000,40.000000000,0.000000000,50.000000000,0.000000000,368.224609375
4a05e1971a449b1a8db2a9bd2181e9e7c58e0a06,20261010-150953-142006515565,268,50,500,6,BA,1,after,6,0.493000000,3500.000000000,7000.000000000,3500.000000000,0.000000000,0.000000000,0.000000000,500.000000000,40.000000000,0.000000000,50.000000000,0.000000000,353.349609375
4a05e1971a449b1a8db2a9bd2181e9e7c58e0a06,20261010-150953-142006515565,268,50,500,6,BA,2,baseline,6,0.539100001,4500.000000000,8000.000000000,3500.000000000,500.000000000,500.000000000,500.000000000,0.000000000,240.000000000,21.000000000,50.000000000,50.000000000,334.576171875
4a05e1971a449b1a8db2a9bd2181e9e7c58e0a06,20261010-150953-142006515565,268,50,500,7,AB,1,baseline,7,1.015499991,4500.000000000,8000.000000000,3500.000000000,500.000000000,500.000000000,500.000000000,0.000000000,240.000000000,21.000000000,50.000000000,50.000000000,328.947265625
4a05e1971a449b1a8db2a9bd2181e9e7c58e0a06,20261010-150953-142006515565,268,50,500,7,AB,2,after,7,1.042000018,3500.000000000,7000.000000000,3500.000000000,0.000000000,0.000000000,0.000000000,500.000000000,40.000000000,0.000000000,50.000000000,0.000000000,358.650390625
4a05e1971a449b1a8db2a9bd2181e9e7c58e0a06,20261010-150953-142006515565,268,50,500,8,BA,1,after,8,0.799600006,3500.000000000,7000.000000000,3500.000000000,0.000000000,0.000000000,0.000000000,500.000000000,40.000000000,0.000000000,50.000000000,0.000000000,370.064453125
4a05e1971a449b1a8db2a9bd2181e9e7c58e0a06,20261010-150953-142006515565,268,50,500,8,BA,2,baseline,8,0.568899995,4500.000000000,8000.000000000,3500.000000000,500.000000000,500.000000000,500.000000000,0.000000000,240.000000000,21.000000000,50.000000000,50.000000000,328.958984375
4a05e1971a449b1a8db2a9bd2181e9e7c58e0a06,20261010-150953-142006515565,268,50,500,9,AB,1,baseline,9,0.623800006,4500.000000000,8000.000000000,3500.000000000,500.000000000,500.000000000,500.000000000,0.000000000,240.000000000,21.000000000,50.000000000,50.000000000,331.294921875
4a05e1971a449b1a8db2a9bd2181e9e7c58e0a06,20261010-150953-142006515565,268,50,500,9,AB,2,after,9,0.662600010,3500.000000000,7000.000000000,3500.000000000,0.000000000,0.000000000,0.000000000,500.000000000,40.000000000,0.000000000,50.000000000,0.000000000,354.587890625
4a05e1971a449b1a8db2a9bd2181e9e7c58e0a06,20261010-150953-142006515565,268,50,500,10,BA,1,after,10,0.659999991,3500.000000000,7000.000000000,3500.000000000,0.000000000,0.000000000,0.000000000,500.000000000,40.000000000,0.000000000,50.000000000,0.000000000,353.662109375
4a05e1971a449b1a8db2a9bd2181e9e7c58e0a06,20261010-150953-142006515565,268,50,500,10,BA,2,baseline,10,0.786499993,4500.000000000,8000.000000000,3500.000000000,500.000000000,500.000000000,500.000000000,0.000000000,240.000000000,21.000000000,50.000000000,50.000000000,329.740234375
4a05e1971a449b1a8db2a9bd2181e9e7c58e0a06,20261010-150953-142006515565,268,50,500,11,AB,1,baseline,11,0.662699982,4500.000000000,8000.000000000,3500.000000000,500.000000000,500.000000000,500.000000000,0.000000000,240.000000000,21.000000000,50.000000000,50.000000000,331.541015625
4a05e1971a449b1a8db2a9bd2181e9e7c58e0a06,20261010-150953-142006515565,268,50,500,11,AB,2,after,11,0.840599998,3500.000000000,7000.000000000,3500.000000000,0.000000000,0.000000000,0.000000000,500.000000000,40.000000000,0.000000000,50.000000000,0.000000000,363.548828125
4a05e1971a449b1a8db2a9bd2181e9e7c58e0a06,20261010-150953-142006515565,268,50,500,12,BA,1,after,12,0.708600011,3500.000000000,7000.000000000,3500.000000000,0.000000000,0.000000000,0.000000000,500.000000000,40.000000000,0.000000000,50.000000000,0.000000000,363.916015625
4a05e1971a449b1a8db2a9bd2181e9e7c58e0a06,20261010-150953-142006515565,268,50,500,12,BA,2,baseline,12,0.846899988,4500.000000000,8000.000000000,3500.000000000,500.000000000,500.000000000,500.000000000,0.000000000,240.000000000,21.000000000,50.000000000,50.000000000,328.427734375
4a05e1971a449b1a8db2a9bd2181e9e7c58e0a06,20261010-150953-142006515565,268,200,0,1,AB,1,baseline,1,0.224799995,12000.000000000,24000.000000000,12000.000000000,0.000000000,0.000000000,0.000000000,0.000000000,240.000000000,21.000000000,200.000000000,200.000000000,288.673828125
4a05e1971a449b1a8db2a9bd2181e9e7c58e0a06,20261010-150953-142006515565,268,200,0,1,AB,2,after,1,0.304699992,12000.000000000,24000.000000000,12000.000000000,0.000000000,0.000000000,0.000000000,0.000000000,40.000000000,0.000000000,200.000000000,0.000000000,308.904296875
4a05e1971a449b1a8db2a9bd2181e9e7c58e0a06,20261010-150953-142006515565,268,200,0,2,BA,1,after,2,0.302700006,12000.000000000,24000.000000000,12000.000000000,0.000000000,0.000000000,0.000000000,0.000000000,40.000000000,0.000000000,200.000000000,0.000000000,309.701171875
4a05e1971a449b1a8db2a9bd2181e9e7c58e0a06,20261010-150953-142006515565,268,200,0,2,BA,2,baseline,2,0.255599996,12000.000000000,24000.000000000,12000.000000000,0.000000000,0.000000000,0.000000000,0.000000000,240.000000000,21.000000000,200.000000000,200.000000000,286.033203125
4a05e1971a449b1a8db2a9bd2181e9e7c58e0a06,20261010-150953-142006515565,268,200,0,3,AB,1,baseline,3,0.770499988,12000.000000000,24000.000000000,12000.000000000,0.000000000,0.000000000,0.000000000,0.000000000,240.000000000,21.000000000,200.000000000,200.000000000,289.443359375
4a05e1971a449b1a8db2a9bd2181e9e7c58e0a06,20261010-150953-142006515565,268,200,0,3,AB,2,after,3,0.407399988,12000.000000000,24000.000000000,12000.000000000,0.000000000,0.000000000,0.000000000,0.000000000,40.000000000,0.000000000,200.000000000,0.000000000,311.982421875
4a05e1971a449b1a8db2a9bd2181e9e7c58e0a06,20261010-150953-142006515565,268,200,0,4,BA,1,after,4,0.330699986,12000.000000000,24000.000000000,12000.000000000,0.000000000,0.000000000,0.000000000,0.000000000,40.000000000,0.000000000,200.000000000,0.000000000,314.083984375
4a05e1971a449b1a8db2a9bd2181e9e7c58e0a06,20261010-150953-142006515565,268,200,0,4,BA,2,baseline,4,0.322799984,12000.000000000,24000.000000000,12000.000000000,0.000000000,0.000000000,0.000000000,0.000000000,240.000000000,21.000000000,200.000000000,200.000000000,289.908203125
4a05e1971a449b1a8db2a9bd2181e9e7c58e0a06,20261010-150953-142006515565,268,200,0,5,AB,1,baseline,5,0.222000002,12000.000000000,24000.000000000,12000.000000000,0.000000000,0.000000000,0.000000000,0.000000000,240.000000000,21.000000000,200.000000000,200.000000000,290.892578125
4a05e1971a449b1a8db2a9bd2181e9e7c58e0a06,20261010-150953-142006515565,268,200,0,5,AB,2,after,5,0.381699996,12000.000000000,24000.000000000,12000.000000000,0.000000000,0.000000000,0.000000000,0.000000000,40.000000000,0.000000000,200.000000000,0.000000000,305.544921875
4a05e1971a449b1a8db2a9bd2181e9e7c58e0a06,20261010-150953-142006515565,268,200,0,6,BA,1,after,6,0.356899982,12000.000000000,24000.000000000,12000.000000000,0.000000000,0.000000000,0.000000000,0.000000000,40.000000000,0.000000000,200.000000000,0.000000000,303.126953125
4a05e1971a449b1a8db2a9bd2181e9e7c58e0a06,20261010-150953-142006515565,268,200,0,6,BA,2,baseline,6,0.395400013,12000.000000000,24000.000000000,12000.000000000,0.000000000,0.000000000,0.000000000,0.000000000,240.000000000,21.000000000,200.000000000,200.000000000,285.029296875
4a05e1971a449b1a8db2a9bd2181e9e7c58e0a06,20261010-150953-142006515565,268,200,0,7,AB,1,baseline,7,0.283400004,12000.000000000,24000.000000000,12000.000000000,0.000000000,0.000000000,0.000000000,0.000000000,240.000000000,21.000000000,200.000000000,200.000000000,290.458984375
4a05e1971a449b1a8db2a9bd2181e9e7c58e0a06,20261010-150953-142006515565,268,200,0,7,AB,2,after,7,0.392999995,12000.000000000,24000.000000000,12000.000000000,0.000000000,0.000000000,0.000000000,0.000000000,40.000000000,0.000000000,200.000000000,0.000000000,313.482421875
4a05e1971a449b1a8db2a9bd2181e9e7c58e0a06,20261010-150953-142006515565,268,200,0,8,BA,1,after,8,0.355299999,12000.000000000,24000.000000000,12000.000000000,0.000000000,0.000000000,0.000000000,0.000000000,40.000000000,0.000000000,200.000000000,0.000000000,313.001953125
4a05e1971a449b1a8db2a9bd2181e9e7c58e0a06,20261010-150953-142006515565,268,200,0,8,BA,2,baseline,8,0.284800015,12000.000000000,24000.000000000,12000.000000000,0.000000000,0.000000000,0.000000000,0.000000000,240.000000000,21.000000000,200.000000000,200.000000000,290.736328125
4a05e1971a449b1a8db2a9bd2181e9e7c58e0a06,20261010-150953-142006515565,268,200,0,9,AB,1,baseline,9,0.399500015,12000.000000000,24000.000000000,12000.000000000,0.000000000,0.000000000,0.000000000,0.000000000,240.000000000,21.000000000,200.000000000,200.000000000,284.068359375
4a05e1971a449b1a8db2a9bd2181e9e7c58e0a06,20261010-150953-142006515565,268,200,0,9,AB,2,after,9,0.384800020,12000.000000000,24000.000000000,12000.000000000,0.000000000,0.000000000,0.000000000,0.000000000,40.000000000,0.000000000,200.000000000,0.000000000,317.095703125
4a05e1971a449b1a8db2a9bd2181e9e7c58e0a06,20261010-150953-142006515565,268,200,0,10,BA,1,after,10,0.311599986,12000.000000000,24000.000000000,12000.000000000,0.000000000,0.000000000,0.000000000,0.000000000,40.000000000,0.000000000,200.000000000,0.000000000,303.466796875
4a05e1971a449b1a8db2a9bd2181e9e7c58e0a06,20261010-150953-142006515565,268,200,0,10,BA,2,baseline,10,0.308299990,12000.000000000,24000.000000000,12000.000000000,0.000000000,0.000000000,0.000000000,0.000000000,240.000000000,21.000000000,200.000000000,200.000000000,294.345703125
4a05e1971a449b1a8db2a9bd2181e9e7c58e0a06,20261010-150953-142006515565,268,200,0,11,AB,1,baseline,11,0.364899985,12000.000000000,24000.000000000,12000.000000000,0.000000000,0.000000000,0.000000000,0.000000000,240.000000000,21.000000000,200.000000000,200.000000000,286.275390625
4a05e1971a449b1a8db2a9bd2181e9e7c58e0a06,20261010-150953-142006515565,268,200,0,11,AB,2,after,11,0.470600004,12000.000000000,24000.000000000,12000.000000000,0.000000000,0.000000000,0.000000000,0.000000000,40.000000000,0.000000000,200.000000000,0.000000000,312.654296875
4a05e1971a449b1a8db2a9bd2181e9e7c58e0a06,20261010-150953-142006515565,268,200,0,12,BA,1,after,12,0.372600014,12000.000000000,24000.000000000,12000.000000000,0.000000000,0.000000000,0.000000000,0.000000000,40.000000000,0.000000000,200.000000000,0.000000000,317.380859375
4a05e1971a449b1a8db2a9bd2181e9e7c58e0a06,20261010-150953-142006515565,268,200,0,12,BA,2,baseline,12,0.294800004,12000.000000000,24000.000000000,12000.000000000,0.000000000,0.000000000,0.000000000,0.000000000,240.000000000,21.000000000,200.000000000,200.000000000,295.166015625
4a05e1971a449b1a8db2a9bd2181e9e7c58e0a06,20261010-150953-142006515565,268,200,100,1,AB,1,baseline,1,0.602600019,12300.000000000,24400.000000000,12100.000000000,100.000000000,100.000000000,100.000000000,0.000000000,240.000000000,21.000000000,200.000000000,200.000000000,319.751953125
4a05e1971a449b1a8db2a9bd2181e9e7c58e0a06,20261010-150953-142006515565,268,200,100,1,AB,2,after,1,0.599699997,12100.000000000,24200.000000000,12100.000000000,0.000000000,0.000000000,0.000000000,100.000000000,40.000000000,0.000000000,200.000000000,0.000000000,360.142578125
4a05e1971a449b1a8db2a9bd2181e9e7c58e0a06,20261010-150953-142006515565,268,200,100,2,BA,1,after,2,0.608600007,12100.000000000,24200.000000000,12100.000000000,0.000000000,0.000000000,0.000000000,100.000000000,40.000000000,0.000000000,200.000000000,0.000000000,356.294921875
4a05e1971a449b1a8db2a9bd2181e9e7c58e0a06,20261010-150953-142006515565,268,200,100,2,BA,2,baseline,2,0.642299972,12300.000000000,24400.000000000,12100.000000000,100.000000000,100.000000000,100.000000000,0.000000000,240.000000000,21.000000000,200.000000000,200.000000000,311.443359375
4a05e1971a449b1a8db2a9bd2181e9e7c58e0a06,20261010-150953-142006515565,268,200,100,3,AB,1,baseline,3,0.629199989,12300.000000000,24400.000000000,12100.000000000,100.000000000,100.000000000,100.000000000,0.000000000,240.000000000,21.000000000,200.000000000,200.000000000,326.443359375
4a05e1971a449b1a8db2a9bd2181e9e7c58e0a06,20261010-150953-142006515565,268,200,100,3,AB,2,after,3,0.508199999,12100.000000000,24200.000000000,12100.000000000,0.000000000,0.000000000,0.000000000,100.000000000,40.000000000,0.000000000,200.000000000,0.000000000,356.810546875
4a05e1971a449b1a8db2a9bd2181e9e7c58e0a06,20261010-150953-142006515565,268,200,100,4,BA,1,after,4,0.582799985,12100.000000000,24200.000000000,12100.000000000,0.000000000,0.000000000,0.000000000,100.000000000,40.000000000,0.000000000,200.000000000,0.000000000,348.216796875
4a05e1971a449b1a8db2a9bd2181e9e7c58e0a06,20261010-150953-142006515565,268,200,100,4,BA,2,baseline,4,0.761799980,12300.000000000,24400.000000000,12100.000000000,100.000000000,100.000000000,100.000000000,0.000000000,240.000000000,21.000000000,200.000000000,200.000000000,324.908203125
4a05e1971a449b1a8db2a9bd2181e9e7c58e0a06,20261010-150953-142006515565,268,200,100,5,AB,1,baseline,5,0.537400017,12300.000000000,24400.000000000,12100.000000000,100.000000000,100.000000000,100.000000000,0.000000000,240.000000000,21.000000000,200.000000000,200.000000000,325.853515625
4a05e1971a449b1a8db2a9bd2181e9e7c58e0a06,20261010-150953-142006515565,268,200,100,5,AB,2,after,5,0.476700021,12100.000000000,24200.000000000,12100.000000000,0.000000000,0.000000000,0.000000000,100.000000000,40.000000000,0.000000000,200.000000000,0.000000000,352.033203125
4a05e1971a449b1a8db2a9bd2181e9e7c58e0a06,20261010-150953-142006515565,268,200,100,6,BA,1,after,6,0.604999979,12100.000000000,24200.000000000,12100.000000000,0.000000000,0.000000000,0.000000000,100.000000000,40.000000000,0.000000000,200.000000000,0.000000000,348.361328125
4a05e1971a449b1a8db2a9bd2181e9e7c58e0a06,20261010-150953-142006515565,268,200,100,6,BA,2,baseline,6,0.536699983,12300.000000000,24400.000000000,12100.000000000,100.000000000,100.000000000,100.000000000,0.000000000,240.000000000,21.000000000,200.000000000,200.000000000,332.423828125
4a05e1971a449b1a8db2a9bd2181e9e7c58e0a06,20261010-150953-142006515565,268,200,100,7,AB,1,baseline,7,0.487900019,12300.000000000,24400.000000000,12100.000000000,100.000000000,100.000000000,100.000000000,0.000000000,240.000000000,21.000000000,200.000000000,200.000000000,321.701171875
4a05e1971a449b1a8db2a9bd2181e9e7c58e0a06,20261010-150953-142006515565,268,200,100,7,AB,2,after,7,0.679799996,12100.000000000,24200.000000000,12100.000000000,0.000000000,0.000000000,0.000000000,100.000000000,40.000000000,0.000000000,200.000000000,0.000000000,372.462890625
4a05e1971a449b1a8db2a9bd2181e9e7c58e0a06,20261010-150953-142006515565,268,200,100,8,BA,1,after,8,0.484299992,12100.000000000,24200.000000000,12100.000000000,0.000000000,0.000000000,0.000000000,100.000000000,40.000000000,0.000000000,200.000000000,0.000000000,350.373046875
4a05e1971a449b1a8db2a9bd2181e9e7c58e0a06,20261010-150953-142006515565,268,200,100,8,BA,2,baseline,8,0.618900027,12300.000000000,24400.000000000,12100.000000000,100.000000000,100.000000000,100.000000000,0.000000000,240.000000000,21.000000000,200.000000000,200.000000000,323.462890625
4a05e1971a449b1a8db2a9bd2181e9e7c58e0a06,20261010-150953-142006515565,268,200,100,9,AB,1,baseline,9,0.706399995,12300.000000000,24400.000000000,12100.000000000,100.000000000,100.000000000,100.000000000,0.000000000,240.000000000,21.000000000,200.000000000,200.000000000,323.224609375
4a05e1971a449b1a8db2a9bd2181e9e7c58e0a06,20261010-150953-142006515565,268,200,100,9,AB,2,after,9,0.478100003,12100.000000000,24200.000000000,12100.000000000,0.000000000,0.000000000,0.000000000,100.000000000,40.000000000,0.000000000,200.000000000,0.000000000,348.185546875
4a05e1971a449b1a8db2a9bd2181e9e7c58e0a06,20261010-150953-142006515565,268,200,100,10,BA,1,after,10,0.831699988,12100.000000000,24200.000000000,12100.000000000,0.000000000,0.000000000,0.000000000,100.000000000,40.000000000,0.000000000,200.000000000,0.000000000,368.314453125
4a05e1971a449b1a8db2a9bd2181e9e7c58e0a06,20261010-150953-142006515565,268,200,100,10,BA,2,baseline,10,0.404599996,12300.000000000,24400.000000000,12100.000000000,100.000000000,100.000000000,100.000000000,0.000000000,240.000000000,21.000000000,200.000000000,200.000000000,327.642578125
4a05e1971a449b1a8db2a9bd2181e9e7c58e0a06,20261010-150953-142006515565,268,200,100,11,AB,1,baseline,11,0.499500020,12300.000000000,24400.000000000,12100.000000000,100.000000000,100.000000000,100.000000000,0.000000000,240.000000000,21.000000000,200.000000000,200.000000000,323.005859375
4a05e1971a449b1a8db2a9bd2181e9e7c58e0a06,20261010-150953-142006515565,268,200,100,11,AB,2,after,11,2.221200004,12100.000000000,24200.000000000,12100.000000000,0.000000000,0.000000000,0.000000000,100.000000000,40.000000000,0.000000000,200.000000000,0.000000000,354.814453125
4a05e1971a449b1a8db2a9bd2181e9e7c58e0a06,20261010-150953-142006515565,268,200,100,12,BA,1,after,12,2.384499996,12100.000000000,24200.000000000,12100.000000000,0.000000000,0.000000000,0.000000000,100.000000000,40.000000000,0.000000000,200.000000000,0.000000000,357.126953125
4a05e1971a449b1a8db2a9bd2181e9e7c58e0a06,20261010-150953-142006515565,268,200,100,12,BA,2,baseline,12,2.264399984,12300.000000000,24400.000000000,12100.000000000,100.000000000,100.000000000,100.000000000,0.000000000,240.000000000,21.000000000,200.000000000,200.000000000,329.990234375
4a05e1971a449b1a8db2a9bd2181e9e7c58e0a06,20261010-150953-142006515565,268,200,500,1,AB,1,baseline,1,1.050399995,13500.000000000,26000.000000000,12500.000000000,500.000000000,500.000000000,500.000000000,0.000000000,240.000000000,21.000000000,200.000000000,200.000000000,460.705078125
4a05e1971a449b1a8db2a9bd2181e9e7c58e0a06,20261010-150953-142006515565,268,200,500,1,AB,2,after,1,0.817399996,12500.000000000,25000.000000000,12500.000000000,0.000000000,0.000000000,0.000000000,500.000000000,40.000000000,0.000000000,200.000000000,0.000000000,484.337890625
4a05e1971a449b1a8db2a9bd2181e9e7c58e0a06,20261010-150953-142006515565,268,200,500,2,BA,1,after,2,0.917099998,12500.000000000,25000.000000000,12500.000000000,0.000000000,0.000000000,0.000000000,500.000000000,40.000000000,0.000000000,200.000000000,0.000000000,489.927734375
4a05e1971a449b1a8db2a9bd2181e9e7c58e0a06,20261010-150953-142006515565,268,200,500,2,BA,2,baseline,2,0.998799980,13500.000000000,26000.000000000,12500.000000000,500.000000000,500.000000000,500.000000000,0.000000000,240.000000000,21.000000000,200.000000000,200.000000000,464.302734375
4a05e1971a449b1a8db2a9bd2181e9e7c58e0a06,20261010-150953-142006515565,268,200,500,3,AB,1,baseline,3,1.665499993,13500.000000000,26000.000000000,12500.000000000,500.000000000,500.000000000,500.000000000,0.000000000,240.000000000,21.000000000,200.000000000,200.000000000,461.517578125
4a05e1971a449b1a8db2a9bd2181e9e7c58e0a06,20261010-150953-142006515565,268,200,500,3,AB,2,after,3,1.087599987,12500.000000000,25000.000000000,12500.000000000,0.000000000,0.000000000,0.000000000,500.000000000,40.000000000,0.000000000,200.000000000,0.000000000,487.916015625
4a05e1971a449b1a8db2a9bd2181e9e7c58e0a06,20261010-150953-142006515565,268,200,500,4,BA,1,after,4,1.035299996,12500.000000000,25000.000000000,12500.000000000,0.000000000,0.000000000,0.000000000,500.000000000,40.000000000,0.000000000,200.000000000,0.000000000,495.138671875
4a05e1971a449b1a8db2a9bd2181e9e7c58e0a06,20261010-150953-142006515565,268,200,500,4,BA,2,baseline,4,1.257099997,13500.000000000,26000.000000000,12500.000000000,500.000000000,500.000000000,500.000000000,0.000000000,240.000000000,21.000000000,200.000000000,200.000000000,461.705078125
4a05e1971a449b1a8db2a9bd2181e9e7c58e0a06,20261010-150953-142006515565,268,200,500,5,AB,1,baseline,5,1.810499991,13500.000000000,26000.000000000,12500.000000000,500.000000000,500.000000000,500.000000000,0.000000000,240.000000000,21.000000000,200.000000000,200.000000000,466.849609375
4a05e1971a449b1a8db2a9bd2181e9e7c58e0a06,20261010-150953-142006515565,268,200,500,5,AB,2,after,5,1.114100014,12500.000000000,25000.000000000,12500.000000000,0.000000000,0.000000000,0.000000000,500.000000000,40.000000000,0.000000000,200.000000000,0.000000000,484.642578125
4a05e1971a449b1a8db2a9bd2181e9e7c58e0a06,20261010-150953-142006515565,268,200,500,6,BA,1,after,6,1.405099989,12500.000000000,25000.000000000,12500.000000000,0.000000000,0.000000000,0.000000000,500.000000000,40.000000000,0.000000000,200.000000000,0.000000000,489.951171875
4a05e1971a449b1a8db2a9bd2181e9e7c58e0a06,20261010-150953-142006515565,268,200,500,6,BA,2,baseline,6,1.537999982,13500.000000000,26000.000000000,12500.000000000,500.000000000,500.000000000,500.000000000,0.000000000,240.000000000,21.000000000,200.000000000,200.000000000,461.158203125
4a05e1971a449b1a8db2a9bd2181e9e7c58e0a06,20261010-150953-142006515565,268,200,500,7,AB,1,baseline,7,1.591400011,13500.000000000,26000.000000000,12500.000000000,500.000000000,500.000000000,500.000000000,0.000000000,240.000000000,21.000000000,200.000000000,200.000000000,468.943359375
4a05e1971a449b1a8db2a9bd2181e9e7c58e0a06,20261010-150953-142006515565,268,200,500,7,AB,2,after,7,1.435500017,12500.000000000,25000.000000000,12500.000000000,0.000000000,0.000000000,0.000000000,500.000000000,40.000000000,0.000000000,200.000000000,0.000000000,491.873046875
4a05e1971a449b1a8db2a9bd2181e9e7c58e0a06,20261010-150953-142006515565,268,200,500,8,BA,1,after,8,1.673499995,12500.000000000,25000.000000000,12500.000000000,0.000000000,0.000000000,0.000000000,500.000000000,40.000000000,0.000000000,200.000000000,0.000000000,487.154296875
4a05e1971a449b1a8db2a9bd2181e9e7c58e0a06,20261010-150953-142006515565,268,200,500,8,BA,2,baseline,8,1.837799995,13500.000000000,26000.000000000,12500.000000000,500.000000000,500.000000000,500.000000000,0.000000000,240.000000000,21.000000000,200.000000000,200.000000000,461.263671875
4a05e1971a449b1a8db2a9bd2181e9e7c58e0a06,20261010-150953-142006515565,268,200,500,9,AB,1,baseline,9,1.822999999,13500.000000000,26000.000000000,12500.000000000,500.000000000,500.000000000,500.000000000,0.000000000,240.000000000,21.000000000,200.000000000,200.000000000,461.998046875
4a05e1971a449b1a8db2a9bd2181e9e7c58e0a06,20261010-150953-142006515565,268,200,500,9,AB,2,after,9,1.735600003,12500.000000000,25000.000000000,12500.000000000,0.000000000,0.000000000,0.000000000,500.000000000,40.000000000,0.000000000,200.000000000,0.000000000,484.158203125
4a05e1971a449b1a8db2a9bd2181e9e7c58e0a06,20261010-150953-142006515565,268,200,500,10,BA,1,after,10,1.656800014,12500.000000000,25000.000000000,12500.000000000,0.000000000,0.000000000,0.000000000,500.000000000,40.000000000,0.000000000,200.000000000,0.000000000,488.658203125
4a05e1971a449b1a8db2a9bd2181e9e7c58e0a06,20261010-150953-142006515565,268,200,500,10,BA,2,baseline,10,2.047799993,13500.000000000,26000.000000000,12500.000000000,500.000000000,500.000000000,500.000000000,0.000000000,240.000000000,21.000000000,200.000000000,200.000000000,460.767578125
4a05e1971a449b1a8db2a9bd2181e9e7c58e0a06,20261010-150953-142006515565,268,200,500,11,AB,1,baseline,11,2.167900006,13500.000000000,26000.000000000,12500.000000000,500.000000000,500.000000000,500.000000000,0.000000000,240.000000000,21.000000000,200.000000000,200.000000000,458.365234375
4a05e1971a449b1a8db2a9bd2181e9e7c58e0a06,20261010-150953-142006515565,268,200,500,11,AB,2,after,11,1.774100005,12500.000000000,25000.000000000,12500.000000000,0.000000000,0.000000000,0.000000000,500.000000000,40.000000000,0.000000000,200.000000000,0.000000000,486.314453125
4a05e1971a449b1a8db2a9bd2181e9e7c58e0a06,20261010-150953-142006515565,268,200,500,12,BA,1,after,12,2.010199998,12500.000000000,25000.000000000,12500.000000000,0.000000000,0.000000000,0.000000000,500.000000000,40.000000000,0.000000000,200.000000000,0.000000000,493.912109375
4a05e1971a449b1a8db2a9bd2181e9e7c58e0a06,20261010-150953-142006515565,268,200,500,12,BA,2,baseline,12,2.149100008,13500.000000000,26000.000000000,12500.000000000,500.000000000,500.000000000,500.000000000,0.000000000,240.000000000,21.000000000,200.000000000,200.000000000,468.693359375
4a05e1971a449b1a8db2a9bd2181e9e7c58e0a06,20261010-150953-142006515565,268,200,500,13,AB,1,baseline,13,2.154799993,13500.000000000,26000.000000000,12500.000000000,500.000000000,500.000000000,500.000000000,0.000000000,240.000000000,21.000000000,200.000000000,200.000000000,460.962890625
4a05e1971a449b1a8db2a9bd2181e9e7c58e0a06,20261010-150953-142006515565,268,200,500,13,AB,2,after,13,2.301900007,12500.000000000,25000.000000000,12500.000000000,0.000000000,0.000000000,0.000000000,500.000000000,40.000000000,0.000000000,200.000000000,0.000000000,490.775390625
4a05e1971a449b1a8db2a9bd2181e9e7c58e0a06,20261010-150953-142006515565,268,200,500,14,BA,1,after,14,2.472799999,12500.000000000,25000.000000000,12500.000000000,0.000000000,0.000000000,0.000000000,500.000000000,40.000000000,0.000000000,200.000000000,0.000000000,475.841796875
4a05e1971a449b1a8db2a9bd2181e9e7c58e0a06,20261010-150953-142006515565,268,200,500,14,BA,2,baseline,14,2.403799997,13500.000000000,26000.000000000,12500.000000000,500.000000000,500.000000000,500.000000000,0.000000000,240.000000000,21.000000000,200.000000000,200.000000000,458.185546875
4a05e1971a449b1a8db2a9bd2181e9e7c58e0a06,20261010-150953-142006515565,268,200,500,15,AB,1,baseline,15,3.438500018,13500.000000000,26000.000000000,12500.000000000,500.000000000,500.000000000,500.000000000,0.000000000,240.000000000,21.000000000,200.000000000,200.000000000,456.482421875
4a05e1971a449b1a8db2a9bd2181e9e7c58e0a06,20261010-150953-142006515565,268,200,500,15,AB,2,after,15,2.474699984,12500.000000000,25000.000000000,12500.000000000,0.000000000,0.000000000,0.000000000,500.000000000,40.000000000,0.000000000,200.000000000,0.000000000,486.759765625
4a05e1971a449b1a8db2a9bd2181e9e7c58e0a06,20261010-150953-142006515565,268,200,500,16,BA,1,after,16,3.448700008,12500.000000000,25000.000000000,12500.000000000,0.000000000,0.000000000,0.000000000,500.000000000,40.000000000,0.000000000,200.000000000,0.000000000,479.548828125
4a05e1971a449b1a8db2a9bd2181e9e7c58e0a06,20261010-150953-142006515565,268,200,500,16,BA,2,baseline,16,3.576300020,13500.000000000,26000.000000000,12500.000000000,500.000000000,500.000000000,500.000000000,0.000000000,240.000000000,21.000000000,200.000000000,200.000000000,454.880859375
4a05e1971a449b1a8db2a9bd2181e9e7c58e0a06,20261010-150953-142006515565,268,200,500,17,AB,1,baseline,17,3.599500022,13500.000000000,26000.000000000,12500.000000000,500.000000000,500.000000000,500.000000000,0.000000000,240.000000000,21.000000000,200.000000000,200.000000000,454.041015625
4a05e1971a449b1a8db2a9bd2181e9e7c58e0a06,20261010-150953-142006515565,268,200,500,17,AB,2,after,17,3.602999990,12500.000000000,25000.000000000,12500.000000000,0.000000000,0.000000000,0.000000000,500.000000000,40.000000000,0.000000000,200.000000000,0.000000000,476.134765625
4a05e1971a449b1a8db2a9bd2181e9e7c58e0a06,20261010-150953-142006515565,268,200,500,18,BA,1,after,18,3.754100006,12500.000000000,25000.000000000,12500.000000000,0.000000000,0.000000000,0.000000000,500.000000000,40.000000000,0.000000000,200.000000000,0.000000000,486.884765625
4a05e1971a449b1a8db2a9bd2181e9e7c58e0a06,20261010-150953-142006515565,268,200,500,18,BA,2,baseline,18,3.402800008,13500.000000000,26000.000000000,12500.000000000,500.000000000,500.000000000,500.000000000,0.000000000,240.000000000,21.000000000,200.000000000,200.000000000,461.091796875
4a05e1971a449b1a8db2a9bd2181e9e7c58e0a06,20261010-150953-142006515565,268,200,500,19,AB,1,baseline,19,3.654900007,13500.000000000,26000.000000000,12500.000000000,500.000000000,500.000000000,500.000000000,0.000000000,240.000000000,21.000000000,200.000000000,200.000000000,461.392578125
4a05e1971a449b1a8db2a9bd2181e9e7c58e0a06,20261010-150953-142006515565,268,200,500,19,AB,2,after,19,4.097900004,12500.000000000,25000.000000000,12500.000000000,0.000000000,0.000000000,0.000000000,500.000000000,40.000000000,0.000000000,200.000000000,0.000000000,487.849609375
4a05e1971a449b1a8db2a9bd2181e9e7c58e0a06,20261010-150953-142006515565,268,200,500,20,BA,1,after,20,4.206299986,12500.000000000,25000.000000000,12500.000000000,0.000000000,0.000000000,0.000000000,500.000000000,40.000000000,0.000000000,200.000000000,0.000000000,476.775390625
4a05e1971a449b1a8db2a9bd2181e9e7c58e0a06,20261010-150953-142006515565,268,200,500,20,BA,2,baseline,20,3.564800019,13500.000000000,26000.000000000,12500.000000000,500.000000000,500.000000000,500.000000000,0.000000000,240.000000000,21.000000000,200.000000000,200.000000000,459.048828125
4a05e1971a449b1a8db2a9bd2181e9e7c58e0a06,20261010-150953-142006515565,268,200,500,21,AB,1,baseline,21,3.657599998,13500.000000000,26000.000000000,12500.000000000,500.000000000,500.000000000,500.000000000,0.000000000,240.000000000,21.000000000,200.000000000,200.000000000,461.392578125
4a05e1971a449b1a8db2a9bd2181e9e7c58e0a06,20261010-150953-142006515565,268,200,500,21,AB,2,after,21,2.617899998,12500.000000000,25000.000000000,12500.000000000,0.000000000,0.000000000,0.000000000,500.000000000,40.000000000,0.000000000,200.000000000,0.000000000,485.185546875
4a05e1971a449b1a8db2a9bd2181e9e7c58e0a06,20261010-150953-142006515565,268,200,500,22,BA,1,after,22,2.299500018,12500.000000000,25000.000000000,12500.000000000,0.000000000,0.000000000,0.000000000,500.000000000,40.000000000,0.000000000,200.000000000,0.000000000,482.185546875
4a05e1971a449b1a8db2a9bd2181e9e7c58e0a06,20261010-150953-142006515565,268,200,500,22,BA,2,baseline,22,2.125700004,13500.000000000,26000.000000000,12500.000000000,500.000000000,500.000000000,500.000000000,0.000000000,240.000000000,21.000000000,200.000000000,200.000000000,462.556640625
4a05e1971a449b1a8db2a9bd2181e9e7c58e0a06,20261010-150953-142006515565,268,200,500,23,AB,1,baseline,23,2.619899984,13500.000000000,26000.000000000,12500.000000000,500.000000000,500.000000000,500.000000000,0.000000000,240.000000000,21.000000000,200.000000000,200.000000000,465.494140625
4a05e1971a449b1a8db2a9bd2181e9e7c58e0a06,20261010-150953-142006515565,268,200,500,23,AB,2,after,23,2.081799990,12500.000000000,25000.000000000,12500.000000000,0.000000000,0.000000000,0.000000000,500.000000000,40.000000000,0.000000000,200.000000000,0.000000000,473.951171875
4a05e1971a449b1a8db2a9bd2181e9e7c58e0a06,20261010-150953-142006515565,268,200,500,24,BA,1,after,24,2.131899993,12500.000000000,25000.000000000,12500.000000000,0.000000000,0.000000000,0.000000000,500.000000000,40.000000000,0.000000000,200.000000000,0.000000000,479.056640625
4a05e1971a449b1a8db2a9bd2181e9e7c58e0a06,20261010-150953-142006515565,268,200,500,24,BA,2,baseline,24,1.951799990,13500.000000000,26000.000000000,12500.000000000,500.000000000,500.000000000,500.000000000,0.000000000,240.000000000,21.000000000,200.000000000,200.000000000,460.720703125
