hash	loc_key	event_id	character_voice	personality_option_id	archetype	gender	speaker_zh_tw	speaker_en	archetype_zh_tw	archetype_en	personality_zh_tw	personality_en	portrait_url	source_path	source_line	source_commit	voice_path	voice_line	speaker_path	speaker_line	ui_name_key	ui_name_hash	ui_class_key	ui_class_hash	icon_path	icon_line	icon_asset	display_path	display_line	sample_path	sample_line	playback_text_equivalence_confirmed
d9298361	loc_veteran_male_a__intro_01	character_personality_veteran_male_a	veteran_male_a	option_1	veteran	male	老兵 · 專業人士 · 男性聲線	Veteran · The Professional · Male voice	老兵	Veteran	專業人士	The Professional	https://github.com/user-attachments/assets/8db69a8d-25db-4448-b529-63f1c49caae8	scripts/settings/character/personalities.lua	7	7e662fcda16219d775b84af50322be2e9cd9d62e	scripts/settings/character/personalities.lua	6	scripts/settings/dialogue/dialogue_speaker_voice_settings.lua	4	loc_personality_name_male_veteran_1	4e0292a1	loc_class_veteran_name	fb5fd582	scripts/settings/archetype/archetypes/veteran_archetype.lua	14	content/ui/materials/icons/classes/veteran	scripts/ui/views/character_appearance_view/character_appearance_view.lua	4038	scripts/ui/views/character_appearance_view/character_appearance_view.lua	7288	no
f086f5be	loc_veteran_male_b__intro_01	character_personality_veteran_male_b	veteran_male_b	option_2	veteran	male	老兵 · 我行我素 · 男性聲線	Veteran · The Loose Cannon · Male voice	老兵	Veteran	我行我素	The Loose Cannon	https://github.com/user-attachments/assets/8db69a8d-25db-4448-b529-63f1c49caae8	scripts/settings/character/personalities.lua	28	7e662fcda16219d775b84af50322be2e9cd9d62e	scripts/settings/character/personalities.lua	27	scripts/settings/dialogue/dialogue_speaker_voice_settings.lua	18	loc_personality_name_male_veteran_2	07cc267d	loc_class_veteran_name	fb5fd582	scripts/settings/archetype/archetypes/veteran_archetype.lua	14	content/ui/materials/icons/classes/veteran	scripts/ui/views/character_appearance_view/character_appearance_view.lua	4038	scripts/ui/views/character_appearance_view/character_appearance_view.lua	7288	no
0ae5d11a	loc_veteran_male_c__intro_01	character_personality_veteran_male_c	veteran_male_c	option_3	veteran	male	老兵 · 殺手 · 男性聲線	Veteran · The Cutthroat · Male voice	老兵	Veteran	殺手	The Cutthroat	https://github.com/user-attachments/assets/8db69a8d-25db-4448-b529-63f1c49caae8	scripts/settings/character/personalities.lua	49	7e662fcda16219d775b84af50322be2e9cd9d62e	scripts/settings/character/personalities.lua	48	scripts/settings/dialogue/dialogue_speaker_voice_settings.lua	32	loc_personality_name_male_veteran_3	b8302059	loc_class_veteran_name	fb5fd582	scripts/settings/archetype/archetypes/veteran_archetype.lua	14	content/ui/materials/icons/classes/veteran	scripts/ui/views/character_appearance_view/character_appearance_view.lua	4038	scripts/ui/views/character_appearance_view/character_appearance_view.lua	7288	no
fad9d6bf	loc_veteran_female_a__intro_01	character_personality_veteran_female_a	veteran_female_a	option_4	veteran	female	老兵 · 專業人士 · 女性聲線	Veteran · The Professional · Female voice	老兵	Veteran	專業人士	The Professional	https://github.com/user-attachments/assets/8db69a8d-25db-4448-b529-63f1c49caae8	scripts/settings/character/personalities.lua	75	7e662fcda16219d775b84af50322be2e9cd9d62e	scripts/settings/character/personalities.lua	74	scripts/settings/dialogue/dialogue_speaker_voice_settings.lua	11	loc_personality_name_female_veteran_1	e5371755	loc_class_veteran_name	fb5fd582	scripts/settings/archetype/archetypes/veteran_archetype.lua	14	content/ui/materials/icons/classes/veteran	scripts/ui/views/character_appearance_view/character_appearance_view.lua	4038	scripts/ui/views/character_appearance_view/character_appearance_view.lua	7288	no
8301bc2e	loc_veteran_female_b__intro_01	character_personality_veteran_female_b	veteran_female_b	option_5	veteran	female	老兵 · 我行我素 · 女性聲線	Veteran · The Loose Cannon · Female voice	老兵	Veteran	我行我素	The Loose Cannon	https://github.com/user-attachments/assets/8db69a8d-25db-4448-b529-63f1c49caae8	scripts/settings/character/personalities.lua	96	7e662fcda16219d775b84af50322be2e9cd9d62e	scripts/settings/character/personalities.lua	95	scripts/settings/dialogue/dialogue_speaker_voice_settings.lua	25	loc_personality_name_female_veteran_2	41006bb3	loc_class_veteran_name	fb5fd582	scripts/settings/archetype/archetypes/veteran_archetype.lua	14	content/ui/materials/icons/classes/veteran	scripts/ui/views/character_appearance_view/character_appearance_view.lua	4038	scripts/ui/views/character_appearance_view/character_appearance_view.lua	7288	no
8626543f	loc_veteran_female_c__intro_01	character_personality_veteran_female_c	veteran_female_c	option_6	veteran	female	老兵 · 殺手 · 女性聲線	Veteran · The Cutthroat · Female voice	老兵	Veteran	殺手	The Cutthroat	https://github.com/user-attachments/assets/8db69a8d-25db-4448-b529-63f1c49caae8	scripts/settings/character/personalities.lua	117	7e662fcda16219d775b84af50322be2e9cd9d62e	scripts/settings/character/personalities.lua	116	scripts/settings/dialogue/dialogue_speaker_voice_settings.lua	39	loc_personality_name_female_veteran_3	a770edc3	loc_class_veteran_name	fb5fd582	scripts/settings/archetype/archetypes/veteran_archetype.lua	14	content/ui/materials/icons/classes/veteran	scripts/ui/views/character_appearance_view/character_appearance_view.lua	4038	scripts/ui/views/character_appearance_view/character_appearance_view.lua	7288	no
f284f7e4	loc_zealot_male_a__intro_01	character_personality_zealot_male_a	zealot_male_a	option_7	zealot	male	狂信徒 · 煽動者 · 男性聲線	Zealot · The Agitator · Male voice	狂信徒	Zealot	煽動者	The Agitator	https://github.com/user-attachments/assets/a4139df1-27f4-475e-aea3-f343b9d751b2	scripts/settings/character/personalities.lua	143	7e662fcda16219d775b84af50322be2e9cd9d62e	scripts/settings/character/personalities.lua	142	scripts/settings/dialogue/dialogue_speaker_voice_settings.lua	46	loc_personality_name_male_zealot_1	0d4e9c37	loc_class_zealot_name	41df876b	scripts/settings/archetype/archetypes/zealot_archetype.lua	14	content/ui/materials/icons/classes/zealot	scripts/ui/views/character_appearance_view/character_appearance_view.lua	4038	scripts/ui/views/character_appearance_view/character_appearance_view.lua	7288	no
e68c2f28	loc_zealot_male_b__intro_01	character_personality_zealot_male_b	zealot_male_b	option_8	zealot	male	狂信徒 · 狂熱者 · 男性聲線	Zealot · The Fanatic · Male voice	狂信徒	Zealot	狂熱者	The Fanatic	https://github.com/user-attachments/assets/a4139df1-27f4-475e-aea3-f343b9d751b2	scripts/settings/character/personalities.lua	164	7e662fcda16219d775b84af50322be2e9cd9d62e	scripts/settings/character/personalities.lua	163	scripts/settings/dialogue/dialogue_speaker_voice_settings.lua	60	loc_personality_name_male_zealot_2	8e6855de	loc_class_zealot_name	41df876b	scripts/settings/archetype/archetypes/zealot_archetype.lua	14	content/ui/materials/icons/classes/zealot	scripts/ui/views/character_appearance_view/character_appearance_view.lua	4038	scripts/ui/views/character_appearance_view/character_appearance_view.lua	7288	no
09952fdc	loc_zealot_male_c__intro_01	character_personality_zealot_male_c	zealot_male_c	option_9	zealot	male	狂信徒 · 法官 · 男性聲線	Zealot · The Judge · Male voice	狂信徒	Zealot	法官	The Judge	https://github.com/user-attachments/assets/a4139df1-27f4-475e-aea3-f343b9d751b2	scripts/settings/character/personalities.lua	185	7e662fcda16219d775b84af50322be2e9cd9d62e	scripts/settings/character/personalities.lua	184	scripts/settings/dialogue/dialogue_speaker_voice_settings.lua	74	loc_personality_name_male_zealot_3	e34a3503	loc_class_zealot_name	41df876b	scripts/settings/archetype/archetypes/zealot_archetype.lua	14	content/ui/materials/icons/classes/zealot	scripts/ui/views/character_appearance_view/character_appearance_view.lua	4038	scripts/ui/views/character_appearance_view/character_appearance_view.lua	7288	no
898544e6	loc_zealot_female_a__intro_01	character_personality_zealot_female_a	zealot_female_a	option_10	zealot	female	狂信徒 · 煽動者 · 女性聲線	Zealot · The Agitator · Female voice	狂信徒	Zealot	煽動者	The Agitator	https://github.com/user-attachments/assets/a4139df1-27f4-475e-aea3-f343b9d751b2	scripts/settings/character/personalities.lua	206	7e662fcda16219d775b84af50322be2e9cd9d62e	scripts/settings/character/personalities.lua	205	scripts/settings/dialogue/dialogue_speaker_voice_settings.lua	53	loc_personality_name_female_zealot_1	b7113100	loc_class_zealot_name	41df876b	scripts/settings/archetype/archetypes/zealot_archetype.lua	14	content/ui/materials/icons/classes/zealot	scripts/ui/views/character_appearance_view/character_appearance_view.lua	4038	scripts/ui/views/character_appearance_view/character_appearance_view.lua	7288	no
a979650d	loc_zealot_female_b__intro_01	character_personality_zealot_female_b	zealot_female_b	option_11	zealot	female	狂信徒 · 狂熱者 · 女性聲線	Zealot · The Fanatic · Female voice	狂信徒	Zealot	狂熱者	The Fanatic	https://github.com/user-attachments/assets/a4139df1-27f4-475e-aea3-f343b9d751b2	scripts/settings/character/personalities.lua	227	7e662fcda16219d775b84af50322be2e9cd9d62e	scripts/settings/character/personalities.lua	226	scripts/settings/dialogue/dialogue_speaker_voice_settings.lua	67	loc_personality_name_female_zealot_2	99c4d125	loc_class_zealot_name	41df876b	scripts/settings/archetype/archetypes/zealot_archetype.lua	14	content/ui/materials/icons/classes/zealot	scripts/ui/views/character_appearance_view/character_appearance_view.lua	4038	scripts/ui/views/character_appearance_view/character_appearance_view.lua	7288	no
b4e4ee8c	loc_zealot_female_c__intro_01	character_personality_zealot_female_c	zealot_female_c	option_12	zealot	female	狂信徒 · 法官 · 女性聲線	Zealot · The Judge · Female voice	狂信徒	Zealot	法官	The Judge	https://github.com/user-attachments/assets/a4139df1-27f4-475e-aea3-f343b9d751b2	scripts/settings/character/personalities.lua	248	7e662fcda16219d775b84af50322be2e9cd9d62e	scripts/settings/character/personalities.lua	247	scripts/settings/dialogue/dialogue_speaker_voice_settings.lua	81	loc_personality_name_female_zealot_3	09307ede	loc_class_zealot_name	41df876b	scripts/settings/archetype/archetypes/zealot_archetype.lua	14	content/ui/materials/icons/classes/zealot	scripts/ui/views/character_appearance_view/character_appearance_view.lua	4038	scripts/ui/views/character_appearance_view/character_appearance_view.lua	7288	no
81d6db17	loc_psyker_male_a__intro_01	character_personality_psyker_male_a	psyker_male_a	option_13	psyker	male	靈能者 · 獨狼 · 男性聲線	Psyker · The Loner · Male voice	靈能者	Psyker	獨狼	The Loner	https://github.com/user-attachments/assets/e42335d6-86d8-4c5a-aa68-f97eaaafc104	scripts/settings/character/personalities.lua	269	7e662fcda16219d775b84af50322be2e9cd9d62e	scripts/settings/character/personalities.lua	268	scripts/settings/dialogue/dialogue_speaker_voice_settings.lua	88	loc_personality_name_male_psyker_1	a8f5e43a	loc_class_psyker_name	9ef033b3	scripts/settings/archetype/archetypes/psyker_archetype.lua	14	content/ui/materials/icons/classes/psyker	scripts/ui/views/character_appearance_view/character_appearance_view.lua	4038	scripts/ui/views/character_appearance_view/character_appearance_view.lua	7288	no
f6c5a692	loc_psyker_male_b__intro_01	character_personality_psyker_male_b	psyker_male_b	option_14	psyker	male	靈能者 · 先知 · 男性聲線	Psyker · The Seer · Male voice	靈能者	Psyker	先知	The Seer	https://github.com/user-attachments/assets/e42335d6-86d8-4c5a-aa68-f97eaaafc104	scripts/settings/character/personalities.lua	290	7e662fcda16219d775b84af50322be2e9cd9d62e	scripts/settings/character/personalities.lua	289	scripts/settings/dialogue/dialogue_speaker_voice_settings.lua	102	loc_personality_name_male_psyker_2	088f4260	loc_class_psyker_name	9ef033b3	scripts/settings/archetype/archetypes/psyker_archetype.lua	14	content/ui/materials/icons/classes/psyker	scripts/ui/views/character_appearance_view/character_appearance_view.lua	4038	scripts/ui/views/character_appearance_view/character_appearance_view.lua	7288	no
1202c908	loc_psyker_male_c__intro_01	character_personality_psyker_male_c	psyker_male_c	option_15	psyker	male	靈能者 · 學者 · 男性聲線	Psyker · The Savant · Male voice	靈能者	Psyker	學者	The Savant	https://github.com/user-attachments/assets/e42335d6-86d8-4c5a-aa68-f97eaaafc104	scripts/settings/character/personalities.lua	311	7e662fcda16219d775b84af50322be2e9cd9d62e	scripts/settings/character/personalities.lua	310	scripts/settings/dialogue/dialogue_speaker_voice_settings.lua	116	loc_personality_name_male_psyker_3	fc33e858	loc_class_psyker_name	9ef033b3	scripts/settings/archetype/archetypes/psyker_archetype.lua	14	content/ui/materials/icons/classes/psyker	scripts/ui/views/character_appearance_view/character_appearance_view.lua	4038	scripts/ui/views/character_appearance_view/character_appearance_view.lua	7288	no
0eebe176	loc_psyker_female_a__intro_01	character_personality_psyker_female_a	psyker_female_a	option_16	psyker	female	靈能者 · 獨狼 · 女性聲線	Psyker · The Loner · Female voice	靈能者	Psyker	獨狼	The Loner	https://github.com/user-attachments/assets/e42335d6-86d8-4c5a-aa68-f97eaaafc104	scripts/settings/character/personalities.lua	332	7e662fcda16219d775b84af50322be2e9cd9d62e	scripts/settings/character/personalities.lua	331	scripts/settings/dialogue/dialogue_speaker_voice_settings.lua	95	loc_personality_name_female_psyker_1	0adb1479	loc_class_psyker_name	9ef033b3	scripts/settings/archetype/archetypes/psyker_archetype.lua	14	content/ui/materials/icons/classes/psyker	scripts/ui/views/character_appearance_view/character_appearance_view.lua	4038	scripts/ui/views/character_appearance_view/character_appearance_view.lua	7288	no
48017d71	loc_psyker_female_b__intro_01	character_personality_psyker_female_b	psyker_female_b	option_17	psyker	female	靈能者 · 先知 · 女性聲線	Psyker · The Seer · Female voice	靈能者	Psyker	先知	The Seer	https://github.com/user-attachments/assets/e42335d6-86d8-4c5a-aa68-f97eaaafc104	scripts/settings/character/personalities.lua	353	7e662fcda16219d775b84af50322be2e9cd9d62e	scripts/settings/character/personalities.lua	352	scripts/settings/dialogue/dialogue_speaker_voice_settings.lua	109	loc_personality_name_female_psyker_2	07d1793b	loc_class_psyker_name	9ef033b3	scripts/settings/archetype/archetypes/psyker_archetype.lua	14	content/ui/materials/icons/classes/psyker	scripts/ui/views/character_appearance_view/character_appearance_view.lua	4038	scripts/ui/views/character_appearance_view/character_appearance_view.lua	7288	no
f1d88681	loc_psyker_female_c__intro_01	character_personality_psyker_female_c	psyker_female_c	option_18	psyker	female	靈能者 · 學者 · 女性聲線	Psyker · The Savant · Female voice	靈能者	Psyker	學者	The Savant	https://github.com/user-attachments/assets/e42335d6-86d8-4c5a-aa68-f97eaaafc104	scripts/settings/character/personalities.lua	374	7e662fcda16219d775b84af50322be2e9cd9d62e	scripts/settings/character/personalities.lua	373	scripts/settings/dialogue/dialogue_speaker_voice_settings.lua	123	loc_personality_name_female_psyker_3	c9704bd8	loc_class_psyker_name	9ef033b3	scripts/settings/archetype/archetypes/psyker_archetype.lua	14	content/ui/materials/icons/classes/psyker	scripts/ui/views/character_appearance_view/character_appearance_view.lua	4038	scripts/ui/views/character_appearance_view/character_appearance_view.lua	7288	no
19e801ed	loc_ogryn_a__intro_01	character_personality_ogryn_a	ogryn_a	option_19	ogryn		歐格林 · 保鏢	Ogryn · The Bodyguard	歐格林	Ogryn	保鏢	The Bodyguard	https://github.com/user-attachments/assets/ee8114d4-8c98-4b7e-88dd-387b240b2276	scripts/settings/character/personalities.lua	395	7e662fcda16219d775b84af50322be2e9cd9d62e	scripts/settings/character/personalities.lua	394	scripts/settings/dialogue/dialogue_speaker_voice_settings.lua	130	loc_personality_name_ogryn_1	b4f8a031	loc_class_ogryn_name	deb216f4	scripts/settings/archetype/archetypes/ogryn_archetype.lua	14	content/ui/materials/icons/classes/ogryn	scripts/ui/views/character_appearance_view/character_appearance_view.lua	4038	scripts/ui/views/character_appearance_view/character_appearance_view.lua	7288	no
f14129ad	loc_ogryn_b__intro_01	character_personality_ogryn_b	ogryn_b	option_20	ogryn		歐格林 · 惡霸	Ogryn · The Bully	歐格林	Ogryn	惡霸	The Bully	https://github.com/user-attachments/assets/ee8114d4-8c98-4b7e-88dd-387b240b2276	scripts/settings/character/personalities.lua	413	7e662fcda16219d775b84af50322be2e9cd9d62e	scripts/settings/character/personalities.lua	412	scripts/settings/dialogue/dialogue_speaker_voice_settings.lua	137	loc_personality_name_ogryn_2	7b3a6913	loc_class_ogryn_name	deb216f4	scripts/settings/archetype/archetypes/ogryn_archetype.lua	14	content/ui/materials/icons/classes/ogryn	scripts/ui/views/character_appearance_view/character_appearance_view.lua	4038	scripts/ui/views/character_appearance_view/character_appearance_view.lua	7288	no
83a3f9bc	loc_ogryn_c__intro_01	character_personality_ogryn_c	ogryn_c	option_21	ogryn		歐格林 · 格鬥家	Ogryn · The Brawler	歐格林	Ogryn	格鬥家	The Brawler	https://github.com/user-attachments/assets/ee8114d4-8c98-4b7e-88dd-387b240b2276	scripts/settings/character/personalities.lua	431	7e662fcda16219d775b84af50322be2e9cd9d62e	scripts/settings/character/personalities.lua	430	scripts/settings/dialogue/dialogue_speaker_voice_settings.lua	144	loc_personality_name_ogryn_3	ada05f83	loc_class_ogryn_name	deb216f4	scripts/settings/archetype/archetypes/ogryn_archetype.lua	14	content/ui/materials/icons/classes/ogryn	scripts/ui/views/character_appearance_view/character_appearance_view.lua	4038	scripts/ui/views/character_appearance_view/character_appearance_view.lua	7288	no
c3e3eabe	loc_adamant_male_a__intro_01	character_personality_adamant_male_a	adamant_male_a	option_22	adamant	male	法務官 · 獨裁者 · 男性聲線	Arbitrator · The Authoritarian · Male voice	法務官	Arbitrator	獨裁者	The Authoritarian	https://github.com/user-attachments/assets/9cf8bd79-a801-4286-91a5-9cdf1b193655	scripts/settings/character/personalities.lua	449	7e662fcda16219d775b84af50322be2e9cd9d62e	scripts/settings/character/personalities.lua	448	scripts/settings/dialogue/dialogue_speaker_voice_settings.lua	158	loc_personality_name_male_adamant_1	f4589b54	loc_class_adamant_name	8bdf5d75	scripts/settings/archetype/archetypes/adamant_archetype.lua	14	content/ui/materials/icons/classes/adamant	scripts/ui/views/character_appearance_view/character_appearance_view.lua	4038	scripts/ui/views/character_appearance_view/character_appearance_view.lua	7288	no
5612c23c	loc_adamant_male_b__intro_01	character_personality_adamant_male_b	adamant_male_b	option_23	adamant	male	法務官 · 宿命論者 · 男性聲線	Arbitrator · The Fatalist · Male voice	法務官	Arbitrator	宿命論者	The Fatalist	https://github.com/user-attachments/assets/9cf8bd79-a801-4286-91a5-9cdf1b193655	scripts/settings/character/personalities.lua	470	7e662fcda16219d775b84af50322be2e9cd9d62e	scripts/settings/character/personalities.lua	469	scripts/settings/dialogue/dialogue_speaker_voice_settings.lua	165	loc_personality_name_male_adamant_2	69eaf815	loc_class_adamant_name	8bdf5d75	scripts/settings/archetype/archetypes/adamant_archetype.lua	14	content/ui/materials/icons/classes/adamant	scripts/ui/views/character_appearance_view/character_appearance_view.lua	4038	scripts/ui/views/character_appearance_view/character_appearance_view.lua	7288	no
b3793ff9	loc_adamant_male_c__intro_01	character_personality_adamant_male_c	adamant_male_c	option_24	adamant	male	法務官 · 批判者 · 男性聲線	Arbitrator · The Maul · Male voice	法務官	Arbitrator	批判者	The Maul	https://github.com/user-attachments/assets/9cf8bd79-a801-4286-91a5-9cdf1b193655	scripts/settings/character/personalities.lua	491	7e662fcda16219d775b84af50322be2e9cd9d62e	scripts/settings/character/personalities.lua	490	scripts/settings/dialogue/dialogue_speaker_voice_settings.lua	172	loc_personality_name_male_adamant_3	837f6e0d	loc_class_adamant_name	8bdf5d75	scripts/settings/archetype/archetypes/adamant_archetype.lua	14	content/ui/materials/icons/classes/adamant	scripts/ui/views/character_appearance_view/character_appearance_view.lua	4038	scripts/ui/views/character_appearance_view/character_appearance_view.lua	7288	no
fa5a3ea5	loc_adamant_female_a__intro_01	character_personality_adamant_female_a	adamant_female_a	option_25	adamant	female	法務官 · 獨裁者 · 女性聲線	Arbitrator · The Authoritarian · Female voice	法務官	Arbitrator	獨裁者	The Authoritarian	https://github.com/user-attachments/assets/9cf8bd79-a801-4286-91a5-9cdf1b193655	scripts/settings/character/personalities.lua	512	7e662fcda16219d775b84af50322be2e9cd9d62e	scripts/settings/character/personalities.lua	511	scripts/settings/dialogue/dialogue_speaker_voice_settings.lua	179	loc_personality_name_female_adamant_1	1419cd0c	loc_class_adamant_name	8bdf5d75	scripts/settings/archetype/archetypes/adamant_archetype.lua	14	content/ui/materials/icons/classes/adamant	scripts/ui/views/character_appearance_view/character_appearance_view.lua	4038	scripts/ui/views/character_appearance_view/character_appearance_view.lua	7288	no
db0d329b	loc_adamant_female_b__intro_01	character_personality_adamant_female_b	adamant_female_b	option_26	adamant	female	法務官 · 宿命論者 · 女性聲線	Arbitrator · The Fatalist · Female voice	法務官	Arbitrator	宿命論者	The Fatalist	https://github.com/user-attachments/assets/9cf8bd79-a801-4286-91a5-9cdf1b193655	scripts/settings/character/personalities.lua	533	7e662fcda16219d775b84af50322be2e9cd9d62e	scripts/settings/character/personalities.lua	532	scripts/settings/dialogue/dialogue_speaker_voice_settings.lua	186	loc_personality_name_female_adamant_2	3d6e2a74	loc_class_adamant_name	8bdf5d75	scripts/settings/archetype/archetypes/adamant_archetype.lua	14	content/ui/materials/icons/classes/adamant	scripts/ui/views/character_appearance_view/character_appearance_view.lua	4038	scripts/ui/views/character_appearance_view/character_appearance_view.lua	7288	no
0c991b33	loc_adamant_female_c__intro_01	character_personality_adamant_female_c	adamant_female_c	option_27	adamant	female	法務官 · 批判者 · 女性聲線	Arbitrator · The Maul · Female voice	法務官	Arbitrator	批判者	The Maul	https://github.com/user-attachments/assets/9cf8bd79-a801-4286-91a5-9cdf1b193655	scripts/settings/character/personalities.lua	554	7e662fcda16219d775b84af50322be2e9cd9d62e	scripts/settings/character/personalities.lua	553	scripts/settings/dialogue/dialogue_speaker_voice_settings.lua	193	loc_personality_name_female_adamant_3	f1361b78	loc_class_adamant_name	8bdf5d75	scripts/settings/archetype/archetypes/adamant_archetype.lua	14	content/ui/materials/icons/classes/adamant	scripts/ui/views/character_appearance_view/character_appearance_view.lua	4038	scripts/ui/views/character_appearance_view/character_appearance_view.lua	7288	no
e4456010	loc_broker_male_a__intro_a_01	character_personality_broker_male_a	broker_male_a	option_28	broker	male	巢都敗類 · 亡命之徒 · 男性聲線	Hive Scum · The Outlaw · Male voice	巢都敗類	Hive Scum	亡命之徒	The Outlaw	https://github.com/user-attachments/assets/9192f076-5691-4fe9-a2be-39293ba1db6e	scripts/settings/character/personalities.lua	575	7e662fcda16219d775b84af50322be2e9cd9d62e	scripts/settings/character/personalities.lua	574	scripts/settings/dialogue/dialogue_speaker_voice_settings.lua	208	loc_personality_name_male_broker_1	fb6a3929	loc_class_broker_name	dae684f3	scripts/settings/archetype/archetypes/broker_archetype.lua	14	content/ui/materials/icons/classes/broker	scripts/ui/views/character_appearance_view/character_appearance_view.lua	4038	scripts/ui/views/character_appearance_view/character_appearance_view.lua	7288	no
576b455d	loc_broker_male_b__intro_a_01	character_personality_broker_male_b	broker_male_b	option_29	broker	male	巢都敗類 · 賞金獵人 · 男性聲線	Hive Scum · The Bounty Hunter · Male voice	巢都敗類	Hive Scum	賞金獵人	The Bounty Hunter	https://github.com/user-attachments/assets/9192f076-5691-4fe9-a2be-39293ba1db6e	scripts/settings/character/personalities.lua	596	7e662fcda16219d775b84af50322be2e9cd9d62e	scripts/settings/character/personalities.lua	595	scripts/settings/dialogue/dialogue_speaker_voice_settings.lua	215	loc_personality_name_male_broker_2	514aea18	loc_class_broker_name	dae684f3	scripts/settings/archetype/archetypes/broker_archetype.lua	14	content/ui/materials/icons/classes/broker	scripts/ui/views/character_appearance_view/character_appearance_view.lua	4038	scripts/ui/views/character_appearance_view/character_appearance_view.lua	7288	no
ff2de372	loc_broker_male_c__intro_a_01	character_personality_broker_male_c	broker_male_c	option_30	broker	male	巢都敗類 · 無政府主義者 · 男性聲線	Hive Scum · The Anarchist · Male voice	巢都敗類	Hive Scum	無政府主義者	The Anarchist	https://github.com/user-attachments/assets/9192f076-5691-4fe9-a2be-39293ba1db6e	scripts/settings/character/personalities.lua	617	7e662fcda16219d775b84af50322be2e9cd9d62e	scripts/settings/character/personalities.lua	616	scripts/settings/dialogue/dialogue_speaker_voice_settings.lua	222	loc_personality_name_male_broker_3	1d374ac2	loc_class_broker_name	dae684f3	scripts/settings/archetype/archetypes/broker_archetype.lua	14	content/ui/materials/icons/classes/broker	scripts/ui/views/character_appearance_view/character_appearance_view.lua	4038	scripts/ui/views/character_appearance_view/character_appearance_view.lua	7288	no
8782141a	loc_broker_female_a__intro_a_01	character_personality_broker_female_a	broker_female_a	option_31	broker	female	巢都敗類 · 亡命之徒 · 女性聲線	Hive Scum · The Outlaw · Female voice	巢都敗類	Hive Scum	亡命之徒	The Outlaw	https://github.com/user-attachments/assets/9192f076-5691-4fe9-a2be-39293ba1db6e	scripts/settings/character/personalities.lua	638	7e662fcda16219d775b84af50322be2e9cd9d62e	scripts/settings/character/personalities.lua	637	scripts/settings/dialogue/dialogue_speaker_voice_settings.lua	229	loc_personality_name_female_broker_1	68bed94c	loc_class_broker_name	dae684f3	scripts/settings/archetype/archetypes/broker_archetype.lua	14	content/ui/materials/icons/classes/broker	scripts/ui/views/character_appearance_view/character_appearance_view.lua	4038	scripts/ui/views/character_appearance_view/character_appearance_view.lua	7288	no
99f51d3b	loc_broker_female_b__intro_a_01	character_personality_broker_female_b	broker_female_b	option_32	broker	female	巢都敗類 · 賞金獵人 · 女性聲線	Hive Scum · The Bounty Hunter · Female voice	巢都敗類	Hive Scum	賞金獵人	The Bounty Hunter	https://github.com/user-attachments/assets/9192f076-5691-4fe9-a2be-39293ba1db6e	scripts/settings/character/personalities.lua	659	7e662fcda16219d775b84af50322be2e9cd9d62e	scripts/settings/character/personalities.lua	658	scripts/settings/dialogue/dialogue_speaker_voice_settings.lua	236	loc_personality_name_female_broker_2	0002ae89	loc_class_broker_name	dae684f3	scripts/settings/archetype/archetypes/broker_archetype.lua	14	content/ui/materials/icons/classes/broker	scripts/ui/views/character_appearance_view/character_appearance_view.lua	4038	scripts/ui/views/character_appearance_view/character_appearance_view.lua	7288	no
eb14f5da	loc_broker_female_c__intro_a_01	character_personality_broker_female_c	broker_female_c	option_33	broker	female	巢都敗類 · 無政府主義者 · 女性聲線	Hive Scum · The Anarchist · Female voice	巢都敗類	Hive Scum	無政府主義者	The Anarchist	https://github.com/user-attachments/assets/9192f076-5691-4fe9-a2be-39293ba1db6e	scripts/settings/character/personalities.lua	680	7e662fcda16219d775b84af50322be2e9cd9d62e	scripts/settings/character/personalities.lua	679	scripts/settings/dialogue/dialogue_speaker_voice_settings.lua	243	loc_personality_name_female_broker_3	fadf98db	loc_class_broker_name	dae684f3	scripts/settings/archetype/archetypes/broker_archetype.lua	14	content/ui/materials/icons/classes/broker	scripts/ui/views/character_appearance_view/character_appearance_view.lua	4038	scripts/ui/views/character_appearance_view/character_appearance_view.lua	7288	no
3d18377a	loc_ogryn_d__intro_01	character_personality_ogryn_d	ogryn_d	option_34	ogryn		歐格林 · 沉重	Ogryn · The Heavy	歐格林	Ogryn	沉重	The Heavy	https://github.com/user-attachments/assets/ee8114d4-8c98-4b7e-88dd-387b240b2276	scripts/settings/character/personalities.lua	701	7e662fcda16219d775b84af50322be2e9cd9d62e	scripts/settings/character/personalities.lua	700	scripts/settings/dialogue/dialogue_speaker_voice_settings.lua	151	loc_personality_name_ogryn_4	4ff58727	loc_class_ogryn_name	deb216f4	scripts/settings/archetype/archetypes/ogryn_archetype.lua	14	content/ui/materials/icons/classes/ogryn	scripts/ui/views/character_appearance_view/character_appearance_view.lua	4038	scripts/ui/views/character_appearance_view/character_appearance_view.lua	7288	no
47224f49	loc_cryptic_a__intro_a_01	character_personality_cryptic_a	cryptic_a	option_35	cryptic		護教軍 · 領路者	Skitarius · The Pathfinder	護教軍	Skitarius	領路者	The Pathfinder	https://github.com/user-attachments/assets/66f372c5-5202-4234-9e71-3f825706cc8a	scripts/settings/character/personalities_cryptic.lua	6	7e662fcda16219d775b84af50322be2e9cd9d62e	scripts/settings/character/personalities_cryptic.lua	5	scripts/settings/dialogue/dialogue_speaker_voice_settings.lua	250	loc_personality_name_cryptic_1	e2373c3e	loc_class_cryptic_name	ce63bed1	scripts/settings/archetype/archetypes/cryptic_archetype.lua	15	content/ui/materials/icons/classes/cryptic	scripts/ui/views/character_appearance_view/character_appearance_view.lua	4038	scripts/ui/views/character_appearance_view/character_appearance_view.lua	7288	no
36b12be3	loc_cryptic_b__intro_a_01	character_personality_cryptic_b	cryptic_b	option_36	cryptic		護教軍 · 崇敬者	Skitarius · The Reverent	護教軍	Skitarius	崇敬者	The Reverent	https://github.com/user-attachments/assets/66f372c5-5202-4234-9e71-3f825706cc8a	scripts/settings/character/personalities_cryptic.lua	24	7e662fcda16219d775b84af50322be2e9cd9d62e	scripts/settings/character/personalities_cryptic.lua	23	scripts/settings/dialogue/dialogue_speaker_voice_settings.lua	257	loc_personality_name_cryptic_2	b0ca5d55	loc_class_cryptic_name	ce63bed1	scripts/settings/archetype/archetypes/cryptic_archetype.lua	15	content/ui/materials/icons/classes/cryptic	scripts/ui/views/character_appearance_view/character_appearance_view.lua	4038	scripts/ui/views/character_appearance_view/character_appearance_view.lua	7288	no
b744c295	loc_cryptic_c__intro_a_01	character_personality_cryptic_c	cryptic_c	option_37	cryptic		護教軍 · 殲滅者	Skitarius · The Exterminator	護教軍	Skitarius	殲滅者	The Exterminator	https://github.com/user-attachments/assets/66f372c5-5202-4234-9e71-3f825706cc8a	scripts/settings/character/personalities_cryptic.lua	42	7e662fcda16219d775b84af50322be2e9cd9d62e	scripts/settings/character/personalities_cryptic.lua	41	scripts/settings/dialogue/dialogue_speaker_voice_settings.lua	264	loc_personality_name_cryptic_3	4db8f18e	loc_class_cryptic_name	ce63bed1	scripts/settings/archetype/archetypes/cryptic_archetype.lua	15	content/ui/materials/icons/classes/cryptic	scripts/ui/views/character_appearance_view/character_appearance_view.lua	4038	scripts/ui/views/character_appearance_view/character_appearance_view.lua	7288	no
53b919a0	loc_cryptic_d__intro_a_01	character_personality_cryptic_d	cryptic_d	option_38	cryptic		護教軍 · 狩獵者	Skitarius · The Hunter	護教軍	Skitarius	狩獵者	The Hunter	https://github.com/user-attachments/assets/66f372c5-5202-4234-9e71-3f825706cc8a	scripts/settings/character/personalities_cryptic.lua	60	7e662fcda16219d775b84af50322be2e9cd9d62e	scripts/settings/character/personalities_cryptic.lua	59	scripts/settings/dialogue/dialogue_speaker_voice_settings.lua	271	loc_personality_name_cryptic_4	e55dbaec	loc_class_cryptic_name	ce63bed1	scripts/settings/archetype/archetypes/cryptic_archetype.lua	15	content/ui/materials/icons/classes/cryptic	scripts/ui/views/character_appearance_view/character_appearance_view.lua	4038	scripts/ui/views/character_appearance_view/character_appearance_view.lua	7288	no
