catalog_number	hash	loc_key	type	event_rule	response_group	database	concept	category	source_voice_key_prefix	response_voice_templates	source_path	source_line	rule_start_line	source_commit	current_playback_proven	condition_operator	referenced_speaker	speaker_status	existing_response_url_zh_tw	existing_response_url_en	authority_source_link_from_catalog	subtitle_entry_index_en	subtitle_entry_index_zh_tw
845	10019e24	loc_zealot_female_c__lore_surgeon_four_c_01	heard_speak_sound_event_condition	bonding_conversation_round_three_sleep_a	bonding_conversation_round_three_sleep_a	ogryn_a	heard_speak	conversations_prio_1	zealot_female_c	ogryn_a	dialogues/generated/ogryn_a.lua	14715	14691	7e662fcda16219d775b84af50322be2e9cd9d62e	no	OP.SET_INCLUDES		unconfirmed_no_playback_pool_reference	/darktide/zh-tw/mission-vox/combat_pause_limited_adamant_a_01_a--2551-1/#response-bonding_conversation_round_three_sleep_a	/darktide/en/mission-vox/combat_pause_limited_adamant_a_01_a--2551-1/#response-bonding_conversation_round_three_sleep_a	Game Info/對話文本/source/unlinked_subtitle_10019e24.md	9095	9095
1128	14d9736e	loc_ogryn_b__lore_era_indomitus_two_b_01	heard_speak_sound_event_condition	bonding_conversation_round_three_words_a	bonding_conversation_round_three_words_a	psyker_male_a	heard_speak	conversations_prio_1	ogryn_b	psyker_male_a	dialogues/generated/psyker_male_a.lua	14256	14235	7e662fcda16219d775b84af50322be2e9cd9d62e	no	OP.SET_INCLUDES		unconfirmed_no_playback_pool_reference	/darktide/zh-tw/mission-vox/combat_pause_limited_adamant_a_01_a--1832-1/#response-bonding_conversation_round_three_words_a	/darktide/en/mission-vox/combat_pause_limited_adamant_a_01_a--1832-1/#response-bonding_conversation_round_three_words_a	Game Info/對話文本/source/unlinked_subtitle_14d9736e.md	11875	11875
1477	1ac2d435	loc_psyker_female_b__combat_pause_quirk_speed_b_02	heard_speak_sound_event_condition	bonding_conversation_round_three_distance_a	bonding_conversation_round_three_distance_a	zealot_female_b	heard_speak	conversations_prio_1	psyker_female_b	zealot_female_b	dialogues/generated/zealot_female_b.lua	7453	7430	7e662fcda16219d775b84af50322be2e9cd9d62e	no	OP.SET_INCLUDES		unconfirmed_no_playback_pool_reference	/darktide/zh-tw/mission-vox/combat_pause_limited_adamant_a_01_a--2795-1/#response-bonding_conversation_round_three_distance_a	/darktide/en/mission-vox/combat_pause_limited_adamant_a_01_a--2795-1/#response-bonding_conversation_round_three_distance_a	Game Info/對話文本/source/unlinked_subtitle_1ac2d435.md	15246	15245
1511	1b64ae5f	loc_ogryn_b__head_shot_05	heard_speak_sound_event_condition	bonding_conversation_headshot_extension_vet_a_ogr_b_b	bonding_conversation_headshot_extension_vet_a_ogr_b_b	veteran_male_a	heard_speak	conversations_prio_1	ogryn_b	veteran_male_a	dialogues/generated/veteran_male_a.lua	4133	4111	7e662fcda16219d775b84af50322be2e9cd9d62e	no	OP.SET_INCLUDES		unconfirmed_no_playback_pool_reference	/darktide/zh-tw/player-vo/head_shot--0044-1/#response-bonding_conversation_headshot_extension_vet_a_ogr_b_b	/darktide/en/player-vo/head_shot--0044-1/#response-bonding_conversation_headshot_extension_vet_a_ogr_b_b	Game Info/對話文本/source/unlinked_subtitle_1b64ae5f.md	15609	15608
1511	1b64ae5f	loc_ogryn_b__head_shot_05	heard_speak_sound_event_condition	bonding_conversation_headshot_extension_vet_c_ogr_b_b	bonding_conversation_headshot_extension_vet_c_ogr_b_b	veteran_male_c	heard_speak	conversations_prio_1	ogryn_b	veteran_male_c	dialogues/generated/veteran_male_c.lua	4060	4038	7e662fcda16219d775b84af50322be2e9cd9d62e	no	OP.SET_INCLUDES		unconfirmed_no_playback_pool_reference	/darktide/zh-tw/player-vo/head_shot--0066-1/#response-bonding_conversation_headshot_extension_vet_c_ogr_b_b	/darktide/en/player-vo/head_shot--0066-1/#response-bonding_conversation_headshot_extension_vet_c_ogr_b_b	Game Info/對話文本/source/unlinked_subtitle_1b64ae5f.md	15609	15608
1937	22ef20ba	loc_psyker_female_c__combat_pause_quirk_rations_b_02	heard_speak_sound_event_condition	agnostic_food_reply_b	agnostic_food_reply_b	ogryn_c	heard_speak	conversations_prio_1	psyker_female_c	ogryn_c	dialogues/generated/ogryn_c.lua	4939	4909	7e662fcda16219d775b84af50322be2e9cd9d62e	no	OP.SET_INCLUDES		unconfirmed_no_playback_pool_reference	/darktide/zh-tw/mission-vox/combat_pause_limited_adamant_a_01_a--2609-1/#response-agnostic_food_reply_b	/darktide/en/mission-vox/combat_pause_limited_adamant_a_01_a--2609-1/#response-agnostic_food_reply_b	Game Info/對話文本/source/unlinked_subtitle_22ef20ba.md	19811	19810
2326	29ed5ae7	loc_ogryn_d__combat_pause_limited_psyker_c_01_b_01	heard_speak_sound_event_condition	bonding_conversation_metropolitan_favourite_a	bonding_conversation_metropolitan_favourite_a	psyker_male_b	heard_speak	conversations_prio_1	ogryn_d	psyker_male_b	dialogues/generated/psyker_male_b.lua	8262	8240	7e662fcda16219d775b84af50322be2e9cd9d62e	no	OP.SET_INCLUDES		unconfirmed_no_playback_pool_reference	/darktide/zh-tw/mission-vox/combat_pause_limited_adamant_a_01_a--1939-1/#response-bonding_conversation_metropolitan_favourite_a	/darktide/en/mission-vox/combat_pause_limited_adamant_a_01_a--1939-1/#response-bonding_conversation_metropolitan_favourite_a	Game Info/對話文本/source/unlinked_subtitle_29ed5ae7.md	23776	23774
4217	4c4411e1	loc_veteran_male_c__lore_surgeon_one_c_01	heard_speak_sound_event_condition	bonding_conversation_mourn_a	bonding_conversation_mourn_a	zealot_male_c	heard_speak	conversations_prio_1	veteran_male_c	zealot_male_c	dialogues/generated/zealot_male_c.lua	10199	10177	7e662fcda16219d775b84af50322be2e9cd9d62e	no	OP.SET_INCLUDES		unconfirmed_no_playback_pool_reference	/darktide/zh-tw/mission-vox/combat_pause_limited_adamant_a_01_a--3013-1/#response-bonding_conversation_mourn_a	/darktide/en/mission-vox/combat_pause_limited_adamant_a_01_a--3013-1/#response-bonding_conversation_mourn_a	Game Info/對話文本/source/unlinked_subtitle_4c4411e1.md	43495	43489
5102	5be92b7a	loc_psyker_male_c__combat_pause_quirk_rations_b_02	heard_speak_sound_event_condition	agnostic_food_reply_b	agnostic_food_reply_b	ogryn_c	heard_speak	conversations_prio_1	psyker_male_c	ogryn_c	dialogues/generated/ogryn_c.lua	4937	4909	7e662fcda16219d775b84af50322be2e9cd9d62e	no	OP.SET_INCLUDES		unconfirmed_no_playback_pool_reference	/darktide/zh-tw/mission-vox/combat_pause_limited_adamant_a_01_a--2609-1/#response-agnostic_food_reply_b	/darktide/en/mission-vox/combat_pause_limited_adamant_a_01_a--2609-1/#response-agnostic_food_reply_b	Game Info/對話文本/source/unlinked_subtitle_5be92b7a.md	52599	52590
5820	699f46f4	loc_psyker_male_c__lore_brunt_three_c_01	heard_speak_sound_event_condition	bonding_conversation_lex_two_a	bonding_conversation_lex_two_a	psyker_female_a	heard_speak	conversations_prio_1	psyker_male_c	psyker_female_a	dialogues/generated/psyker_female_a.lua	5321	5297	7e662fcda16219d775b84af50322be2e9cd9d62e	no	OP.SET_INCLUDES		unconfirmed_no_playback_pool_reference	/darktide/zh-tw/mission-vox/combat_pause_limited_adamant_a_01_a--2306-1/#response-bonding_conversation_lex_two_a	/darktide/en/mission-vox/combat_pause_limited_adamant_a_01_a--2306-1/#response-bonding_conversation_lex_two_a	Game Info/對話文本/source/unlinked_subtitle_699f46f4.md	60324	60312
6564	778e8441	loc_ogryn_b__head_shot_06	heard_speak_sound_event_condition	bonding_conversation_headshot_extension_vet_a_ogr_b_b	bonding_conversation_headshot_extension_vet_a_ogr_b_b	veteran_male_a	heard_speak	conversations_prio_1	ogryn_b	veteran_male_a	dialogues/generated/veteran_male_a.lua	4134	4111	7e662fcda16219d775b84af50322be2e9cd9d62e	no	OP.SET_INCLUDES		unconfirmed_no_playback_pool_reference	/darktide/zh-tw/player-vo/head_shot--0044-1/#response-bonding_conversation_headshot_extension_vet_a_ogr_b_b	/darktide/en/player-vo/head_shot--0044-1/#response-bonding_conversation_headshot_extension_vet_a_ogr_b_b	Game Info/對話文本/source/unlinked_subtitle_778e8441.md	68220	68207
6564	778e8441	loc_ogryn_b__head_shot_06	heard_speak_sound_event_condition	bonding_conversation_headshot_extension_vet_c_ogr_b_b	bonding_conversation_headshot_extension_vet_c_ogr_b_b	veteran_male_c	heard_speak	conversations_prio_1	ogryn_b	veteran_male_c	dialogues/generated/veteran_male_c.lua	4061	4038	7e662fcda16219d775b84af50322be2e9cd9d62e	no	OP.SET_INCLUDES		unconfirmed_no_playback_pool_reference	/darktide/zh-tw/player-vo/head_shot--0066-1/#response-bonding_conversation_headshot_extension_vet_c_ogr_b_b	/darktide/en/player-vo/head_shot--0066-1/#response-bonding_conversation_headshot_extension_vet_c_ogr_b_b	Game Info/對話文本/source/unlinked_subtitle_778e8441.md	68220	68207
7014	7f3a17db	loc_psyker_male_a__lore_surgeon_one_c_02	heard_speak_sound_event_condition	agnostic_food_reply_b	agnostic_food_reply_b	ogryn_c	heard_speak	conversations_prio_1	psyker_male_a	ogryn_c	dialogues/generated/ogryn_c.lua	4947	4909	7e662fcda16219d775b84af50322be2e9cd9d62e	no	OP.SET_INCLUDES		unconfirmed_no_playback_pool_reference	/darktide/zh-tw/mission-vox/combat_pause_limited_adamant_a_01_a--2609-1/#response-agnostic_food_reply_b	/darktide/en/mission-vox/combat_pause_limited_adamant_a_01_a--2609-1/#response-agnostic_food_reply_b	Game Info/對話文本/source/unlinked_subtitle_7f3a17db.md	72583	72570
7672	8a75514e	loc_ogryn_d__head_shot_08	heard_speak_sound_event_condition	bonding_conversation_headshot_extension_vet_b_ogr_d_b	bonding_conversation_headshot_extension_vet_b_ogr_d_b	veteran_male_b	heard_speak	conversations_prio_1	ogryn_d	veteran_male_b	dialogues/generated/veteran_male_b.lua	4346	4321	7e662fcda16219d775b84af50322be2e9cd9d62e	no	OP.SET_INCLUDES		unconfirmed_no_playback_pool_reference	/darktide/zh-tw/player-vo/head_shot--0056-1/#response-bonding_conversation_headshot_extension_vet_b_ogr_d_b	/darktide/en/player-vo/head_shot--0056-1/#response-bonding_conversation_headshot_extension_vet_b_ogr_d_b	Game Info/對話文本/source/unlinked_subtitle_8a75514e.md	79109	79094
8532	99f068ad	loc_psyker_male_a__response_for_veteran_seen_killstreak_psyker_05	heard_speak_sound_event_condition	bonding_conversation_killstreak_extension_vet_b_psy_a_c	bonding_conversation_killstreak_extension_vet_b_psy_a_c	veteran_female_b	heard_speak	conversations_prio_1	psyker_male_a	veteran_female_b	dialogues/generated/veteran_female_b.lua	7529	7507	7e662fcda16219d775b84af50322be2e9cd9d62e	no	OP.SET_INCLUDES		unconfirmed_no_playback_pool_reference	/darktide/zh-tw/player-vo/ogryn_seen_killstreak_ogryn--0042-1/#response-bonding_conversation_killstreak_extension_vet_b_psy_a_c	/darktide/en/player-vo/ogryn_seen_killstreak_ogryn--0042-1/#response-bonding_conversation_killstreak_extension_vet_b_psy_a_c	Game Info/對話文本/source/unlinked_subtitle_99f068ad.md	88229	88210
8914	a0c5fc8a	loc_ogryn_b__head_shot_04	heard_speak_sound_event_condition	bonding_conversation_headshot_extension_vet_a_ogr_b_b	bonding_conversation_headshot_extension_vet_a_ogr_b_b	veteran_male_a	heard_speak	conversations_prio_1	ogryn_b	veteran_male_a	dialogues/generated/veteran_male_a.lua	4132	4111	7e662fcda16219d775b84af50322be2e9cd9d62e	no	OP.SET_INCLUDES		unconfirmed_no_playback_pool_reference	/darktide/zh-tw/player-vo/head_shot--0044-1/#response-bonding_conversation_headshot_extension_vet_a_ogr_b_b	/darktide/en/player-vo/head_shot--0044-1/#response-bonding_conversation_headshot_extension_vet_a_ogr_b_b	Game Info/對話文本/source/unlinked_subtitle_a0c5fc8a.md	92143	92122
8914	a0c5fc8a	loc_ogryn_b__head_shot_04	heard_speak_sound_event_condition	bonding_conversation_headshot_extension_vet_c_ogr_b_b	bonding_conversation_headshot_extension_vet_c_ogr_b_b	veteran_male_c	heard_speak	conversations_prio_1	ogryn_b	veteran_male_c	dialogues/generated/veteran_male_c.lua	4059	4038	7e662fcda16219d775b84af50322be2e9cd9d62e	no	OP.SET_INCLUDES		unconfirmed_no_playback_pool_reference	/darktide/zh-tw/player-vo/head_shot--0066-1/#response-bonding_conversation_headshot_extension_vet_c_ogr_b_b	/darktide/en/player-vo/head_shot--0066-1/#response-bonding_conversation_headshot_extension_vet_c_ogr_b_b	Game Info/對話文本/source/unlinked_subtitle_a0c5fc8a.md	92143	92122
9386	a8d32db3	loc_psyker_male_a__lore_surgeon_one_c_01	heard_speak_sound_event_condition	agnostic_food_reply_b	agnostic_food_reply_b	ogryn_c	heard_speak	conversations_prio_1	psyker_male_a	ogryn_c	dialogues/generated/ogryn_c.lua	4946	4909	7e662fcda16219d775b84af50322be2e9cd9d62e	no	OP.SET_INCLUDES		unconfirmed_no_playback_pool_reference	/darktide/zh-tw/mission-vox/combat_pause_limited_adamant_a_01_a--2609-1/#response-agnostic_food_reply_b	/darktide/en/mission-vox/combat_pause_limited_adamant_a_01_a--2609-1/#response-agnostic_food_reply_b	Game Info/對話文本/source/unlinked_subtitle_a8d32db3.md	96808	96787
10116	b644ab7e	loc_ogryn_d__head_shot_06	heard_speak_sound_event_condition	bonding_conversation_headshot_extension_vet_b_ogr_d_b	bonding_conversation_headshot_extension_vet_b_ogr_d_b	veteran_male_b	heard_speak	conversations_prio_1	ogryn_d	veteran_male_b	dialogues/generated/veteran_male_b.lua	4344	4321	7e662fcda16219d775b84af50322be2e9cd9d62e	no	OP.SET_INCLUDES		unconfirmed_no_playback_pool_reference	/darktide/zh-tw/player-vo/head_shot--0056-1/#response-bonding_conversation_headshot_extension_vet_b_ogr_d_b	/darktide/en/player-vo/head_shot--0056-1/#response-bonding_conversation_headshot_extension_vet_b_ogr_d_b	Game Info/對話文本/source/unlinked_subtitle_b644ab7e.md	104586	104565
11701	d2b2fd76	loc_psyker_female_a__lore_surgeon_one_c_02	heard_speak_sound_event_condition	agnostic_food_reply_b	agnostic_food_reply_b	ogryn_c	heard_speak	conversations_prio_1	psyker_female_a	ogryn_c	dialogues/generated/ogryn_c.lua	4949	4909	7e662fcda16219d775b84af50322be2e9cd9d62e	no	OP.SET_INCLUDES		unconfirmed_no_playback_pool_reference	/darktide/zh-tw/mission-vox/combat_pause_limited_adamant_a_01_a--2609-1/#response-agnostic_food_reply_b	/darktide/en/mission-vox/combat_pause_limited_adamant_a_01_a--2609-1/#response-agnostic_food_reply_b	Game Info/對話文本/source/unlinked_subtitle_d2b2fd76.md	121087	121062
11772	d43423fa	loc_ogryn_b__head_shot_08	heard_speak_sound_event_condition	bonding_conversation_headshot_extension_vet_a_ogr_b_b	bonding_conversation_headshot_extension_vet_a_ogr_b_b	veteran_male_a	heard_speak	conversations_prio_1	ogryn_b	veteran_male_a	dialogues/generated/veteran_male_a.lua	4136	4111	7e662fcda16219d775b84af50322be2e9cd9d62e	no	OP.SET_INCLUDES		unconfirmed_no_playback_pool_reference	/darktide/zh-tw/player-vo/head_shot--0044-1/#response-bonding_conversation_headshot_extension_vet_a_ogr_b_b	/darktide/en/player-vo/head_shot--0044-1/#response-bonding_conversation_headshot_extension_vet_a_ogr_b_b	Game Info/對話文本/source/unlinked_subtitle_d43423fa.md	121896	121871
11772	d43423fa	loc_ogryn_b__head_shot_08	heard_speak_sound_event_condition	bonding_conversation_headshot_extension_vet_c_ogr_b_b	bonding_conversation_headshot_extension_vet_c_ogr_b_b	veteran_male_c	heard_speak	conversations_prio_1	ogryn_b	veteran_male_c	dialogues/generated/veteran_male_c.lua	4063	4038	7e662fcda16219d775b84af50322be2e9cd9d62e	no	OP.SET_INCLUDES		unconfirmed_no_playback_pool_reference	/darktide/zh-tw/player-vo/head_shot--0066-1/#response-bonding_conversation_headshot_extension_vet_c_ogr_b_b	/darktide/en/player-vo/head_shot--0066-1/#response-bonding_conversation_headshot_extension_vet_c_ogr_b_b	Game Info/對話文本/source/unlinked_subtitle_d43423fa.md	121896	121871
11876	d616294a	loc_psyker_female_a__lore_surgeon_one_c_01	heard_speak_sound_event_condition	agnostic_food_reply_b	agnostic_food_reply_b	ogryn_c	heard_speak	conversations_prio_1	psyker_female_a	ogryn_c	dialogues/generated/ogryn_c.lua	4948	4909	7e662fcda16219d775b84af50322be2e9cd9d62e	no	OP.SET_INCLUDES		unconfirmed_no_playback_pool_reference	/darktide/zh-tw/mission-vox/combat_pause_limited_adamant_a_01_a--2609-1/#response-agnostic_food_reply_b	/darktide/en/mission-vox/combat_pause_limited_adamant_a_01_a--2609-1/#response-agnostic_food_reply_b	Game Info/對話文本/source/unlinked_subtitle_d616294a.md	123016	122991
12538	e1376b2f	loc_veteran_male_a__combat_pause_limited_psyker_c_06_b_01	heard_speak_sound_event_condition	bonding_conversation_metropolitan_restoration_a	bonding_conversation_metropolitan_restoration_a	zealot_female_a	heard_speak	conversations_prio_1	veteran_male_a	zealot_female_a	dialogues/generated/zealot_female_a.lua	5244	5224	7e662fcda16219d775b84af50322be2e9cd9d62e	no	OP.SET_INCLUDES		unconfirmed_no_playback_pool_reference	/darktide/zh-tw/mission-vox/combat_pause_limited_adamant_a_01_a--2752-1/#response-bonding_conversation_metropolitan_restoration_a	/darktide/en/mission-vox/combat_pause_limited_adamant_a_01_a--2752-1/#response-bonding_conversation_metropolitan_restoration_a	Game Info/對話文本/source/unlinked_subtitle_e1376b2f.md	129456	129429
12961	e8cb1706	loc_psyker_female_a__combat_pause_limited_ogryn_a_02_b_01	heard_speak_sound_event_condition	bonding_conversation_round_three_familiar_a	bonding_conversation_round_three_familiar_a	psyker_male_a	heard_speak	conversations_prio_1	psyker_female_a	psyker_male_a	dialogues/generated/psyker_male_a.lua	12509	12491	7e662fcda16219d775b84af50322be2e9cd9d62e	no	OP.SET_INCLUDES		unconfirmed_no_playback_pool_reference	/darktide/zh-tw/mission-vox/combat_pause_limited_adamant_a_01_a--1969-1/#response-bonding_conversation_round_three_familiar_a	/darktide/en/mission-vox/combat_pause_limited_adamant_a_01_a--1969-1/#response-bonding_conversation_round_three_familiar_a	Game Info/對話文本/source/unlinked_subtitle_e8cb1706.md	133765	133737
14019	fbb0c216	loc_psyker_male_b__combat_pause_quirk_speed_b_02	heard_speak_sound_event_condition	bonding_conversation_metropolitan_spoil_a	bonding_conversation_metropolitan_spoil_a	zealot_male_b	heard_speak	conversations_prio_1	psyker_male_b	zealot_male_b	dialogues/generated/zealot_male_b.lua	6725	6707	7e662fcda16219d775b84af50322be2e9cd9d62e	no	OP.SET_INCLUDES		unconfirmed_no_playback_pool_reference	/darktide/zh-tw/mission-vox/combat_pause_limited_adamant_a_01_a--2962-1/#response-bonding_conversation_metropolitan_spoil_a	/darktide/en/mission-vox/combat_pause_limited_adamant_a_01_a--2962-1/#response-bonding_conversation_metropolitan_spoil_a	Game Info/對話文本/source/unlinked_subtitle_fbb0c216.md	144455	144425
